temp_x_1,temp_x_2,temp_x_3,temp_x_4,temp_x_5,temp_x_6,temp_x_7,temp_x_8
0.192,0.316,0.497,0.238,0.389,0.816,0.569,0.957
0.2,0.346,0.493,0.262,0.419,0.805,0.562,0.959
0.205,0.378,0.497,0.281,0.453,0.801,0.554,0.962
0.209,0.411,0.505,0.297,0.487,0.802,0.549,0.959
0.214,0.443,0.517,0.311,0.521,0.805,0.545,0.966
0.22,0.474,0.529,0.325,0.554,0.807,0.541,0.96
0.226,0.505,0.543,0.338,0.587,0.81,0.535,0.955
0.235,0.541,0.557,0.355,0.623,0.81,0.53,0.959
0.247,0.578,0.573,0.374,0.661,0.807,0.524,0.96
0.262,0.615,0.591,0.392,0.698,0.803,0.516,0.957
0.28,0.654,0.613,0.409,0.737,0.801,0.503,0.958
0.299,0.688,0.636,0.424,0.771,0.796,0.49,0.955
0.318,0.721,0.661,0.436,0.803,0.793,0.473,0.959
0.339,0.749,0.688,0.443,0.83,0.792,0.454,0.958
0.36,0.774,0.717,0.446,0.854,0.794,0.432,0.961
0.383,0.796,0.743,0.451,0.875,0.792,0.411,0.962
0.408,0.818,0.767,0.456,0.895,0.788,0.389,0.961
0.436,0.839,0.786,0.464,0.913,0.78,0.368,0.957
0.473,0.861,0.804,0.475,0.929,0.766,0.344,0.955
0.506,0.879,0.817,0.486,0.942,0.751,0.323,0.956
0.541,0.896,0.824,0.499,0.953,0.733,0.304,0.958
0.58,0.915,0.828,0.515,0.964,0.711,0.283,0.957
0.618,0.928,0.832,0.528,0.97,0.69,0.264,0.96
0.656,0.94,0.84,0.537,0.975,0.673,0.243,0.964
0.694,0.95,0.85,0.544,0.979,0.658,0.22,0.962
0.736,0.961,0.86,0.55,0.983,0.643,0.194,0.961
0.77,0.973,0.876,0.552,0.99,0.634,0.165,0.965
0.799,0.985,0.898,0.548,0.998,0.631,0.134,0.962
0.839,0.991,0.911,0.548,0.999,0.622,0.106,0.96
0.881,0.992,0.902,0.559,0.991,0.599,0.096,0.957
0.924,0.992,0.902,0.564,0.984,0.582,0.079,0.96
0.933,0.993,0.899,0.566,0.982,0.577,0.076,0.866
0.942,0.993,0.9,0.567,0.981,0.575,0.072,0.737
0.947,0.995,0.859,0.581,0.98,0.559,0.081,0.717
0.948,0.996,0.846,0.586,0.98,0.553,0.084,0.663
0.952,0.999,0.815,0.605,0.979,0.532,0.096,0.639
0.952,1,0.781,0.626,0.975,0.509,0.116,0.63
0.951,0.999,0.75,0.645,0.971,0.489,0.135,0.656
0.953,0.999,0.718,0.664,0.967,0.467,0.153,0.631
0.956,0.999,0.686,0.683,0.962,0.445,0.17,0.613
0.958,0.999,0.665,0.696,0.959,0.43,0.182,0.571
0.96,0.998,0.632,0.716,0.955,0.409,0.2,0.552
0.962,0.998,0.595,0.737,0.95,0.384,0.22,0.545
0.963,0.998,0.562,0.757,0.945,0.361,0.239,0.534
0.963,0.997,0.526,0.778,0.94,0.337,0.26,0.53
0.963,0.996,0.491,0.798,0.936,0.314,0.281,0.533
0.964,0.996,0.457,0.818,0.931,0.29,0.3,0.521
0.967,0.995,0.423,0.838,0.926,0.267,0.319,0.512
0.969,0.994,0.393,0.855,0.922,0.245,0.336,0.488
0.971,0.994,0.361,0.874,0.917,0.222,0.354,0.468
0.974,0.993,0.329,0.892,0.913,0.2,0.37,0.44
0.976,0.993,0.298,0.91,0.908,0.178,0.388,0.419
0.978,0.992,0.264,0.929,0.904,0.154,0.406,0.41
0.98,0.992,0.237,0.945,0.9,0.134,0.421,0.38
0.984,0.991,0.207,0.962,0.895,0.112,0.436,0.338
0.987,0.991,0.182,0.977,0.891,0.093,0.45,0.302
0.989,0.99,0.155,0.992,0.887,0.074,0.464,0.265
0.985,0.99,0.141,0.999,0.887,0.066,0.473,0.34
0.979,0.99,0.14,0.999,0.888,0.067,0.475,0.444
0.973,0.989,0.139,0.998,0.888,0.07,0.479,0.507
0.968,0.989,0.14,0.997,0.889,0.072,0.481,0.573
0.963,0.988,0.142,0.995,0.889,0.076,0.482,0.679
0.956,0.987,0.145,0.992,0.89,0.081,0.484,0.76
0.94,0.982,0.156,0.982,0.889,0.098,0.487,0.914
0.921,0.976,0.176,0.967,0.889,0.121,0.489,0.951
0.895,0.967,0.208,0.941,0.889,0.158,0.487,0.949
0.872,0.959,0.245,0.914,0.89,0.196,0.481,0.947
0.855,0.953,0.275,0.892,0.89,0.226,0.474,0.947
0.836,0.943,0.315,0.865,0.888,0.262,0.468,0.948
0.822,0.934,0.347,0.844,0.885,0.289,0.465,0.94
0.808,0.922,0.386,0.815,0.88,0.324,0.459,0.942
0.798,0.911,0.417,0.792,0.875,0.352,0.455,0.944
0.79,0.9,0.451,0.769,0.868,0.381,0.452,0.943
0.784,0.886,0.489,0.741,0.861,0.413,0.447,0.94
0.78,0.875,0.522,0.718,0.854,0.439,0.441,0.945
0.779,0.863,0.562,0.693,0.846,0.466,0.434,0.935
0.778,0.852,0.596,0.67,0.84,0.492,0.428,0.937
0.779,0.842,0.63,0.647,0.834,0.517,0.421,0.936
0.781,0.83,0.672,0.619,0.827,0.548,0.411,0.942
0.785,0.82,0.714,0.591,0.822,0.578,0.401,0.942
0.791,0.812,0.753,0.567,0.819,0.604,0.389,0.938
0.798,0.805,0.79,0.544,0.816,0.628,0.377,0.937
0.806,0.799,0.826,0.522,0.814,0.651,0.364,0.934
0.818,0.794,0.862,0.501,0.812,0.673,0.35,0.936
0.833,0.789,0.896,0.481,0.81,0.692,0.332,0.942
0.861,0.785,0.929,0.464,0.807,0.704,0.31,0.938
0.905,0.776,0.925,0.469,0.793,0.688,0.307,0.941
0.922,0.768,0.902,0.481,0.78,0.67,0.32,0.904
0.929,0.746,0.897,0.477,0.759,0.67,0.338,0.771
0.93,0.744,0.897,0.476,0.757,0.67,0.339,0.824
0.931,0.742,0.895,0.476,0.755,0.669,0.341,0.919
0.932,0.742,0.894,0.477,0.755,0.668,0.341,0.824
0.932,0.742,0.894,0.477,0.754,0.668,0.341,0.747
0.935,0.742,0.891,0.48,0.754,0.665,0.342,0.803
0.937,0.743,0.888,0.482,0.754,0.662,0.342,0.722
0.945,0.743,0.878,0.489,0.751,0.653,0.345,0.671
0.948,0.743,0.874,0.492,0.751,0.649,0.346,0.578
0.951,0.744,0.873,0.493,0.751,0.647,0.344,0.515
0.952,0.771,0.859,0.512,0.774,0.628,0.326,0.514
0.954,0.792,0.841,0.532,0.789,0.608,0.317,0.478
0.956,0.808,0.818,0.552,0.801,0.588,0.315,0.449
0.96,0.823,0.787,0.576,0.81,0.562,0.317,0.438
0.961,0.835,0.77,0.591,0.818,0.545,0.315,0.397
0.963,0.853,0.743,0.613,0.831,0.521,0.309,0.384
0.966,0.869,0.712,0.637,0.841,0.495,0.309,0.374
0.968,0.88,0.685,0.654,0.848,0.477,0.31,0.342
0.969,0.892,0.651,0.678,0.855,0.449,0.314,0.337
0.972,0.904,0.621,0.7,0.861,0.421,0.312,0.326
0.973,0.917,0.593,0.722,0.87,0.393,0.305,0.314
0.973,0.932,0.567,0.743,0.881,0.366,0.297,0.298
0.974,0.944,0.542,0.762,0.889,0.346,0.299,0.328
0.971,0.951,0.523,0.775,0.894,0.332,0.304,0.373
0.969,0.957,0.506,0.786,0.897,0.321,0.31,0.422
0.965,0.955,0.499,0.779,0.898,0.33,0.307,0.472
0.964,0.951,0.484,0.786,0.893,0.322,0.32,0.528
0.965,0.943,0.453,0.801,0.882,0.304,0.343,0.511
0.966,0.93,0.425,0.813,0.866,0.288,0.369,0.496
0.969,0.911,0.403,0.818,0.845,0.278,0.394,0.462
0.971,0.899,0.391,0.821,0.833,0.271,0.409,0.418
0.975,0.889,0.378,0.824,0.821,0.264,0.422,0.375
0.979,0.876,0.362,0.829,0.806,0.255,0.438,0.321
0.981,0.863,0.341,0.836,0.792,0.243,0.457,0.285
0.98,0.85,0.31,0.849,0.776,0.225,0.483,0.288
0.98,0.84,0.28,0.861,0.762,0.207,0.506,0.306
0.98,0.826,0.247,0.875,0.746,0.187,0.532,0.308
0.98,0.809,0.219,0.884,0.726,0.171,0.557,0.312
0.979,0.788,0.2,0.885,0.704,0.163,0.581,0.339
0.979,0.77,0.177,0.891,0.684,0.151,0.603,0.363
0.981,0.761,0.162,0.895,0.673,0.142,0.616,0.321
0.98,0.746,0.135,0.904,0.656,0.126,0.639,0.344
0.979,0.74,0.128,0.904,0.649,0.123,0.646,0.395
0.976,0.738,0.128,0.903,0.648,0.124,0.647,0.452
0.97,0.739,0.131,0.902,0.65,0.127,0.646,0.55
0.966,0.739,0.132,0.9,0.651,0.13,0.646,0.605
0.958,0.738,0.137,0.896,0.652,0.137,0.645,0.694
0.952,0.738,0.14,0.893,0.653,0.141,0.645,0.764
0.944,0.737,0.148,0.888,0.654,0.15,0.644,0.813
0.934,0.737,0.156,0.882,0.656,0.159,0.642,0.902
0.916,0.734,0.175,0.867,0.658,0.181,0.639,0.938
0.891,0.726,0.199,0.846,0.657,0.21,0.637,0.938
0.864,0.714,0.222,0.823,0.652,0.24,0.638,0.942
0.844,0.698,0.244,0.8,0.643,0.268,0.64,0.939
0.833,0.672,0.261,0.777,0.621,0.29,0.652,0.941
0.842,0.644,0.249,0.775,0.59,0.28,0.673,0.942
0.86,0.631,0.221,0.79,0.571,0.253,0.693,0.942
0.877,0.618,0.194,0.802,0.553,0.229,0.71,0.944
0.894,0.61,0.166,0.817,0.539,0.204,0.726,0.942
0.912,0.605,0.137,0.834,0.528,0.177,0.741,0.944
0.933,0.597,0.11,0.848,0.514,0.151,0.755,0.944
0.948,0.596,0.111,0.851,0.512,0.146,0.755,0.788
0.949,0.597,0.116,0.848,0.513,0.149,0.752,0.848
0.952,0.596,0.132,0.844,0.513,0.155,0.748,0.709
0.953,0.596,0.135,0.843,0.513,0.155,0.747,0.782
0.958,0.596,0.138,0.846,0.512,0.151,0.748,0.686
0.96,0.596,0.138,0.847,0.512,0.15,0.749,0.627
0.97,0.597,0.139,0.849,0.511,0.146,0.748,0.546
0.973,0.597,0.14,0.849,0.51,0.145,0.747,0.49
0.982,0.597,0.143,0.854,0.509,0.138,0.749,0.442
0.985,0.597,0.146,0.857,0.508,0.133,0.751,0.496
0.987,0.597,0.148,0.86,0.507,0.129,0.753,0.602
0.988,0.597,0.15,0.864,0.505,0.123,0.757,0.498
0.991,0.598,0.156,0.876,0.502,0.106,0.766,0.454
0.992,0.598,0.159,0.886,0.499,0.093,0.774,0.351
0.992,0.598,0.162,0.892,0.497,0.084,0.779,0.291
0.992,0.598,0.172,0.905,0.494,0.066,0.79,0.364
0.991,0.599,0.184,0.899,0.496,0.075,0.784,0.447
0.988,0.6,0.203,0.889,0.5,0.089,0.775,0.513
0.985,0.6,0.226,0.876,0.504,0.107,0.764,0.569
0.981,0.601,0.255,0.86,0.509,0.129,0.75,0.597
0.979,0.601,0.271,0.85,0.512,0.142,0.742,0.481
0.977,0.601,0.288,0.841,0.514,0.155,0.735,0.429
0.973,0.601,0.321,0.823,0.519,0.18,0.72,0.412
0.97,0.601,0.355,0.804,0.525,0.206,0.704,0.42
0.967,0.602,0.385,0.787,0.53,0.229,0.69,0.444
0.965,0.602,0.41,0.773,0.534,0.247,0.678,0.479
0.963,0.603,0.445,0.754,0.54,0.273,0.662,0.485
0.963,0.603,0.482,0.733,0.546,0.3,0.644,0.492
0.964,0.604,0.518,0.713,0.551,0.325,0.626,0.486
0.966,0.604,0.54,0.701,0.554,0.34,0.616,0.436
0.969,0.605,0.571,0.685,0.559,0.361,0.6,0.4
0.969,0.606,0.6,0.668,0.564,0.381,0.586,0.369
0.967,0.606,0.633,0.65,0.57,0.405,0.57,0.385
0.963,0.608,0.665,0.632,0.576,0.429,0.554,0.409
0.96,0.608,0.694,0.615,0.581,0.45,0.54,0.439
0.959,0.608,0.731,0.594,0.587,0.476,0.523,0.446
0.959,0.609,0.768,0.573,0.594,0.502,0.505,0.447
0.959,0.61,0.802,0.553,0.599,0.526,0.488,0.443
0.959,0.61,0.837,0.532,0.604,0.551,0.471,0.429
0.957,0.61,0.87,0.513,0.61,0.574,0.456,0.445
0.954,0.61,0.903,0.493,0.615,0.598,0.441,0.473
0.959,0.603,0.893,0.493,0.608,0.597,0.446,0.424
0.96,0.6,0.888,0.49,0.606,0.599,0.448,0.37
0.963,0.583,0.847,0.482,0.591,0.605,0.459,0.354
0.961,0.569,0.804,0.477,0.579,0.607,0.472,0.366
0.963,0.557,0.761,0.482,0.566,0.598,0.487,0.377
0.965,0.548,0.72,0.491,0.554,0.584,0.504,0.365
0.966,0.543,0.697,0.499,0.547,0.573,0.515,0.324
0.968,0.534,0.661,0.514,0.533,0.552,0.536,0.32
0.97,0.526,0.631,0.527,0.521,0.532,0.554,0.293
0.971,0.518,0.6,0.541,0.509,0.512,0.572,0.271
0.972,0.508,0.564,0.558,0.494,0.488,0.595,0.268
0.972,0.498,0.535,0.569,0.481,0.469,0.614,0.294
0.974,0.49,0.512,0.579,0.47,0.454,0.629,0.244
0.975,0.48,0.479,0.592,0.456,0.433,0.648,0.26
0.976,0.472,0.45,0.604,0.443,0.414,0.666,0.236
0.978,0.461,0.415,0.618,0.428,0.391,0.687,0.218
0.979,0.452,0.384,0.631,0.415,0.37,0.706,0.2
0.981,0.44,0.348,0.646,0.398,0.346,0.727,0.197
0.982,0.428,0.312,0.659,0.381,0.322,0.75,0.199
0.983,0.418,0.28,0.672,0.367,0.3,0.769,0.183
0.984,0.406,0.248,0.684,0.35,0.279,0.789,0.174
0.984,0.392,0.215,0.695,0.332,0.256,0.81,0.171
0.984,0.383,0.192,0.703,0.32,0.241,0.825,0.207
0.983,0.372,0.164,0.712,0.306,0.222,0.842,0.239
0.982,0.364,0.147,0.717,0.296,0.211,0.853,0.283
0.981,0.365,0.149,0.718,0.296,0.21,0.853,0.339
0.98,0.365,0.15,0.719,0.295,0.208,0.854,0.438
0.98,0.365,0.15,0.72,0.295,0.207,0.855,0.607
0.979,0.365,0.151,0.722,0.295,0.205,0.856,0.679
0.978,0.365,0.154,0.721,0.295,0.206,0.856,0.544
0.973,0.364,0.183,0.704,0.299,0.229,0.844,0.508
0.969,0.364,0.218,0.685,0.305,0.256,0.83,0.514
0.965,0.364,0.25,0.667,0.31,0.281,0.817,0.532
0.962,0.363,0.284,0.65,0.315,0.304,0.804,0.557
0.964,0.363,0.321,0.632,0.32,0.328,0.791,0.549
0.966,0.364,0.35,0.617,0.325,0.348,0.78,0.505
0.966,0.364,0.385,0.599,0.33,0.372,0.766,0.492
0.962,0.365,0.419,0.581,0.337,0.398,0.752,0.505
0.961,0.365,0.454,0.562,0.343,0.423,0.738,0.515
0.963,0.366,0.491,0.545,0.349,0.446,0.725,0.502
0.965,0.367,0.526,0.533,0.353,0.461,0.714,0.452
0.964,0.369,0.565,0.516,0.36,0.483,0.699,0.451
0.963,0.37,0.584,0.506,0.365,0.497,0.689,0.509
0.962,0.372,0.61,0.494,0.37,0.513,0.677,0.47
0.962,0.374,0.641,0.478,0.377,0.533,0.662,0.498
0.962,0.374,0.66,0.469,0.38,0.546,0.654,0.436
0.963,0.377,0.687,0.455,0.387,0.564,0.642,0.494
0.964,0.377,0.702,0.448,0.39,0.573,0.636,0.447
0.964,0.378,0.71,0.444,0.391,0.578,0.633,0.393
0.964,0.379,0.74,0.428,0.397,0.599,0.62,0.365
0.963,0.381,0.772,0.411,0.404,0.622,0.606,0.414
0.963,0.381,0.787,0.402,0.407,0.633,0.599,0.361
0.96,0.382,0.817,0.385,0.413,0.655,0.586,0.387
0.959,0.383,0.83,0.378,0.417,0.664,0.58,0.435
0.958,0.384,0.835,0.375,0.418,0.667,0.577,0.497
0.957,0.389,0.855,0.366,0.426,0.68,0.565,0.452
0.955,0.398,0.888,0.351,0.439,0.702,0.545,0.458
0.953,0.399,0.917,0.335,0.446,0.722,0.532,0.487
0.949,0.399,0.925,0.329,0.447,0.729,0.529,0.547
0.945,0.397,0.93,0.324,0.447,0.735,0.528,0.602
0.937,0.395,0.941,0.316,0.448,0.744,0.524,0.685
0.934,0.395,0.944,0.313,0.448,0.747,0.523,0.752
0.926,0.394,0.951,0.307,0.449,0.755,0.521,0.821
0.921,0.393,0.956,0.303,0.449,0.759,0.519,0.87
0.907,0.389,0.969,0.292,0.449,0.773,0.516,0.913
0.875,0.379,0.988,0.27,0.446,0.796,0.514,0.914
0.829,0.367,0.978,0.262,0.436,0.803,0.523,0.914
0.801,0.347,0.993,0.237,0.422,0.826,0.529,0.908
0.811,0.315,0.989,0.226,0.392,0.827,0.552,0.911
0.827,0.293,0.968,0.23,0.368,0.812,0.575,0.914
0.869,0.277,0.98,0.225,0.352,0.812,0.59,0.916
0.911,0.275,0.968,0.238,0.347,0.796,0.601,0.915
0.925,0.274,0.955,0.248,0.343,0.784,0.609,0.846
0.928,0.273,0.952,0.25,0.342,0.782,0.611,0.791
0.938,0.269,0.945,0.253,0.336,0.776,0.618,0.838
0.939,0.267,0.945,0.252,0.335,0.776,0.619,0.666
0.938,0.265,0.948,0.25,0.333,0.779,0.619,0.728
0.938,0.265,0.948,0.249,0.333,0.779,0.62,0.673
0.942,0.262,0.941,0.253,0.329,0.774,0.625,0.603
0.947,0.257,0.916,0.264,0.32,0.757,0.637,0.561
0.95,0.257,0.902,0.272,0.318,0.747,0.642,0.511
0.954,0.257,0.878,0.286,0.314,0.73,0.651,0.47
0.958,0.257,0.856,0.298,0.31,0.715,0.659,0.428
0.96,0.257,0.829,0.31,0.306,0.7,0.666,0.382
0.959,0.257,0.803,0.322,0.302,0.684,0.674,0.423
0.96,0.257,0.769,0.339,0.297,0.662,0.685,0.401
0.962,0.257,0.733,0.358,0.291,0.638,0.697,0.379
0.965,0.255,0.697,0.377,0.283,0.612,0.711,0.367
0.966,0.254,0.666,0.393,0.276,0.591,0.723,0.34
0.965,0.252,0.627,0.413,0.268,0.564,0.738,0.336
0.965,0.249,0.597,0.428,0.26,0.543,0.75,0.363
0.964,0.245,0.573,0.439,0.252,0.526,0.761,0.4
0.964,0.24,0.539,0.456,0.242,0.501,0.777,0.39
0.966,0.235,0.503,0.473,0.231,0.476,0.793,0.404
0.967,0.229,0.467,0.489,0.22,0.45,0.809,0.406
0.966,0.223,0.437,0.502,0.208,0.429,0.824,0.433
0.966,0.213,0.403,0.516,0.194,0.405,0.842,0.417
0.968,0.205,0.367,0.531,0.18,0.379,0.86,0.424
0.969,0.199,0.333,0.546,0.168,0.355,0.876,0.436
0.97,0.195,0.31,0.556,0.16,0.338,0.887,0.398
0.971,0.187,0.283,0.567,0.149,0.318,0.901,0.431
0.971,0.169,0.254,0.572,0.127,0.3,0.922,0.442
0.97,0.14,0.251,0.558,0.099,0.302,0.939,0.462
0.969,0.116,0.25,0.545,0.077,0.306,0.952,0.496
0.967,0.088,0.251,0.529,0.052,0.311,0.967,0.52
0.965,0.075,0.26,0.518,0.041,0.318,0.972,0.565
0.962,0.063,0.284,0.502,0.034,0.333,0.973,0.607
0.959,0.052,0.311,0.484,0.028,0.353,0.971,0.638
0.957,0.043,0.342,0.463,0.025,0.377,0.966,0.66
0.956,0.033,0.381,0.437,0.023,0.408,0.961,0.663
0.957,0.024,0.414,0.416,0.02,0.432,0.957,0.643
0.96,0.018,0.444,0.398,0.02,0.454,0.953,0.615
0.962,0.016,0.466,0.386,0.023,0.471,0.948,0.575
0.965,0.015,0.497,0.371,0.028,0.492,0.941,0.531
0.966,0.013,0.533,0.352,0.033,0.518,0.933,0.513
0.965,0.012,0.568,0.332,0.038,0.545,0.923,0.506
0.963,0.012,0.608,0.31,0.046,0.577,0.91,0.512
0.961,0.012,0.645,0.289,0.053,0.605,0.899,0.503
0.96,0.013,0.679,0.271,0.061,0.631,0.887,0.515
0.96,0.014,0.715,0.251,0.069,0.657,0.874,0.512
0.959,0.016,0.751,0.232,0.078,0.684,0.861,0.518
0.956,0.019,0.784,0.215,0.087,0.709,0.847,0.541
0.953,0.021,0.808,0.202,0.093,0.727,0.838,0.583
0.951,0.025,0.838,0.187,0.103,0.749,0.825,0.608
0.954,0.038,0.869,0.177,0.12,0.769,0.807,0.583
0.95,0.047,0.9,0.164,0.134,0.79,0.788,0.6
0.945,0.053,0.929,0.149,0.145,0.811,0.772,0.624
0.943,0.057,0.951,0.139,0.154,0.826,0.758,0.663
0.941,0.059,0.962,0.132,0.158,0.835,0.75,0.725
0.934,0.059,0.961,0.13,0.158,0.837,0.748,0.775
0.931,0.059,0.959,0.129,0.158,0.837,0.747,0.831
0.922,0.058,0.953,0.13,0.156,0.834,0.746,0.893
0.899,0.058,0.919,0.143,0.15,0.814,0.748,0.914
0.868,0.058,0.88,0.155,0.145,0.796,0.746,0.917
0.831,0.059,0.849,0.159,0.142,0.786,0.739,0.909
0.784,0.061,0.833,0.151,0.144,0.792,0.721,0.92
0.737,0.064,0.829,0.138,0.149,0.805,0.701,0.915
0.695,0.068,0.831,0.126,0.156,0.818,0.681,0.912
0.648,0.075,0.835,0.114,0.165,0.833,0.658,0.914
0.607,0.083,0.839,0.103,0.175,0.847,0.638,0.913
0.567,0.09,0.842,0.092,0.186,0.861,0.617,0.916
0.527,0.098,0.847,0.08,0.196,0.877,0.597,0.916
0.487,0.105,0.85,0.068,0.207,0.893,0.578,0.919
0.447,0.113,0.851,0.057,0.218,0.907,0.559,0.911
0.407,0.12,0.851,0.046,0.228,0.923,0.54,0.918
0.366,0.128,0.848,0.035,0.239,0.937,0.522,0.916
0.319,0.136,0.841,0.024,0.251,0.951,0.503,0.906
0.276,0.145,0.831,0.017,0.261,0.962,0.487,0.911
0.232,0.155,0.82,0.011,0.274,0.973,0.471,0.913
0.192,0.166,0.81,0.004,0.289,0.986,0.455,0.91
0.153,0.181,0.8,0,0.306,0.998,0.44,0.912
0.115,0.199,0.786,0.014,0.323,0.993,0.435,0.906
0.085,0.219,0.773,0.04,0.339,0.974,0.438,0.909
0.057,0.241,0.765,0.065,0.357,0.959,0.441,0.912
0.027,0.267,0.777,0.075,0.386,0.964,0.435,0.911
0.006,0.281,0.799,0.06,0.407,0.991,0.422,0.912
0.192,0.316,0.498,0.238,0.388,0.816,0.57,0.957
0.193,0.347,0.496,0.259,0.421,0.812,0.569,0.954
0.193,0.38,0.495,0.279,0.454,0.81,0.57,0.952
0.194,0.412,0.492,0.3,0.486,0.806,0.573,0.951
0.196,0.444,0.49,0.32,0.519,0.803,0.574,0.952
0.199,0.477,0.486,0.341,0.552,0.798,0.576,0.953
0.203,0.512,0.482,0.364,0.587,0.792,0.578,0.958
0.208,0.545,0.476,0.388,0.62,0.784,0.581,0.954
0.215,0.578,0.469,0.412,0.652,0.773,0.585,0.955
0.223,0.609,0.464,0.435,0.682,0.764,0.588,0.958
0.233,0.639,0.462,0.456,0.712,0.754,0.589,0.949
0.246,0.671,0.464,0.477,0.743,0.745,0.587,0.949
0.262,0.702,0.47,0.497,0.772,0.735,0.583,0.956
0.282,0.73,0.473,0.518,0.797,0.72,0.579,0.957
0.305,0.756,0.478,0.539,0.82,0.704,0.572,0.959
0.331,0.782,0.485,0.557,0.842,0.689,0.563,0.954
0.357,0.807,0.499,0.572,0.864,0.677,0.549,0.952
0.384,0.831,0.522,0.581,0.886,0.67,0.528,0.954
0.408,0.852,0.547,0.585,0.905,0.667,0.506,0.955
0.43,0.872,0.577,0.585,0.924,0.668,0.48,0.957
0.453,0.89,0.61,0.582,0.941,0.671,0.452,0.952
0.475,0.903,0.644,0.577,0.954,0.675,0.424,0.956
0.502,0.916,0.673,0.574,0.964,0.675,0.398,0.955
0.534,0.928,0.701,0.573,0.973,0.671,0.369,0.956
0.567,0.939,0.724,0.573,0.979,0.664,0.343,0.957
0.601,0.95,0.744,0.576,0.986,0.655,0.317,0.954
0.634,0.962,0.766,0.575,0.993,0.649,0.288,0.96
0.669,0.968,0.787,0.574,0.995,0.642,0.261,0.956
0.705,0.974,0.808,0.572,0.996,0.635,0.234,0.954
0.746,0.974,0.827,0.569,0.992,0.629,0.214,0.953
0.794,0.977,0.836,0.575,0.991,0.617,0.201,0.958
0.835,0.98,0.848,0.576,0.988,0.605,0.178,0.958
0.869,0.981,0.871,0.568,0.986,0.605,0.151,0.96
0.904,0.99,0.885,0.566,0.989,0.598,0.121,0.961
0.932,0.995,0.896,0.565,0.991,0.592,0.098,0.908
0.939,0.996,0.885,0.573,0.989,0.582,0.101,0.854
0.944,0.996,0.879,0.577,0.987,0.576,0.103,0.799
0.945,0.996,0.878,0.577,0.987,0.575,0.103,0.708
0.951,0.995,0.871,0.582,0.984,0.568,0.106,0.645
0.955,0.995,0.857,0.588,0.982,0.561,0.109,0.586
0.958,0.995,0.842,0.596,0.981,0.552,0.115,0.538
0.961,0.996,0.823,0.607,0.979,0.539,0.122,0.492
0.964,0.997,0.805,0.613,0.978,0.532,0.125,0.446
0.968,0.997,0.777,0.628,0.975,0.515,0.137,0.41
0.97,0.997,0.747,0.641,0.972,0.5,0.149,0.359
0.969,0.997,0.71,0.659,0.969,0.481,0.166,0.378
0.97,0.997,0.676,0.679,0.965,0.458,0.185,0.385
0.973,0.996,0.651,0.69,0.962,0.445,0.195,0.347
0.973,0.995,0.605,0.699,0.96,0.436,0.206,0.336
0.971,0.994,0.564,0.701,0.961,0.435,0.21,0.367
0.973,0.993,0.523,0.718,0.957,0.416,0.225,0.357
0.975,0.993,0.486,0.735,0.953,0.396,0.242,0.344
0.976,0.992,0.447,0.752,0.949,0.377,0.259,0.338
0.975,0.991,0.416,0.77,0.945,0.357,0.277,0.36
0.974,0.99,0.384,0.788,0.94,0.336,0.296,0.38
0.975,0.989,0.35,0.808,0.936,0.313,0.315,0.389
0.977,0.989,0.317,0.827,0.931,0.29,0.333,0.374
0.978,0.988,0.284,0.846,0.926,0.267,0.352,0.363
0.98,0.987,0.249,0.866,0.921,0.243,0.371,0.356
0.981,0.986,0.216,0.884,0.917,0.221,0.389,0.34
0.981,0.986,0.182,0.903,0.913,0.197,0.407,0.351
0.981,0.985,0.148,0.922,0.909,0.174,0.426,0.364
0.977,0.986,0.131,0.932,0.908,0.163,0.435,0.462
0.973,0.986,0.132,0.931,0.909,0.165,0.436,0.537
0.969,0.986,0.134,0.93,0.91,0.168,0.436,0.594
0.961,0.986,0.141,0.925,0.912,0.176,0.435,0.686
0.949,0.985,0.156,0.914,0.916,0.192,0.432,0.828
0.942,0.985,0.167,0.907,0.918,0.203,0.429,0.901
0.935,0.985,0.18,0.899,0.921,0.214,0.425,0.956
0.918,0.984,0.209,0.88,0.926,0.242,0.415,0.968
0.901,0.982,0.24,0.859,0.931,0.271,0.406,0.967
0.884,0.978,0.27,0.838,0.934,0.3,0.399,0.969
0.865,0.972,0.308,0.81,0.935,0.336,0.389,0.971
0.85,0.965,0.338,0.788,0.935,0.365,0.384,0.97
0.835,0.956,0.371,0.763,0.933,0.397,0.379,0.969
0.822,0.946,0.402,0.74,0.929,0.426,0.376,0.966
0.811,0.935,0.433,0.716,0.924,0.454,0.372,0.967
0.8,0.924,0.464,0.693,0.92,0.483,0.367,0.969
0.791,0.913,0.495,0.669,0.913,0.51,0.363,0.97
0.782,0.898,0.534,0.641,0.905,0.542,0.358,0.966
0.777,0.882,0.572,0.611,0.896,0.574,0.352,0.964
0.773,0.867,0.611,0.583,0.886,0.605,0.348,0.97
0.772,0.851,0.647,0.557,0.875,0.633,0.345,0.969
0.772,0.835,0.681,0.531,0.864,0.659,0.342,0.965
0.773,0.82,0.714,0.508,0.853,0.684,0.342,0.968
0.775,0.804,0.746,0.484,0.842,0.708,0.342,0.971
0.779,0.788,0.78,0.46,0.829,0.732,0.343,0.963
0.785,0.773,0.813,0.437,0.818,0.755,0.341,0.966
0.794,0.761,0.847,0.413,0.811,0.777,0.331,0.962
0.835,0.753,0.865,0.418,0.797,0.762,0.326,0.964
0.878,0.746,0.864,0.428,0.784,0.742,0.325,0.969
0.924,0.741,0.871,0.431,0.774,0.729,0.317,0.968
0.936,0.741,0.873,0.432,0.772,0.726,0.313,0.74
0.941,0.741,0.872,0.434,0.771,0.723,0.313,0.809
0.943,0.741,0.872,0.434,0.771,0.722,0.312,0.676
0.944,0.741,0.872,0.435,0.771,0.721,0.312,0.731
0.944,0.741,0.871,0.435,0.771,0.721,0.312,0.654
0.945,0.741,0.87,0.435,0.77,0.72,0.313,0.704
0.945,0.742,0.87,0.436,0.771,0.72,0.312,0.617
0.947,0.747,0.862,0.443,0.774,0.712,0.31,0.678
0.948,0.751,0.855,0.45,0.777,0.704,0.308,0.614
0.952,0.767,0.827,0.473,0.787,0.678,0.303,0.564
0.954,0.774,0.816,0.483,0.792,0.665,0.297,0.515
0.955,0.792,0.8,0.5,0.805,0.644,0.278,0.541
0.956,0.81,0.78,0.52,0.819,0.621,0.262,0.52
0.958,0.822,0.755,0.54,0.826,0.596,0.257,0.493
0.961,0.833,0.728,0.56,0.832,0.573,0.255,0.468
0.964,0.846,0.702,0.581,0.841,0.55,0.254,0.442
0.966,0.861,0.674,0.603,0.85,0.526,0.255,0.423
0.965,0.884,0.654,0.624,0.869,0.503,0.242,0.413
0.966,0.905,0.63,0.646,0.884,0.479,0.236,0.433
0.969,0.917,0.597,0.669,0.891,0.454,0.241,0.428
0.971,0.929,0.57,0.689,0.898,0.431,0.245,0.401
0.97,0.941,0.537,0.713,0.906,0.406,0.252,0.403
0.971,0.952,0.514,0.731,0.913,0.386,0.255,0.37
0.969,0.958,0.506,0.736,0.917,0.38,0.254,0.422
0.968,0.957,0.504,0.734,0.918,0.384,0.253,0.473
0.968,0.946,0.465,0.742,0.906,0.374,0.274,0.486
0.967,0.931,0.427,0.747,0.891,0.366,0.297,0.496
0.969,0.911,0.403,0.754,0.869,0.355,0.324,0.484
0.972,0.899,0.388,0.758,0.856,0.348,0.341,0.439
0.971,0.88,0.361,0.766,0.835,0.335,0.368,0.439
0.971,0.863,0.333,0.775,0.816,0.322,0.394,0.452
0.973,0.848,0.304,0.786,0.799,0.305,0.419,0.437
0.975,0.834,0.279,0.794,0.782,0.291,0.441,0.41
0.975,0.817,0.251,0.803,0.762,0.277,0.466,0.397
0.976,0.799,0.225,0.811,0.743,0.262,0.491,0.413
0.976,0.782,0.197,0.819,0.722,0.248,0.516,0.401
0.973,0.765,0.174,0.825,0.704,0.236,0.539,0.439
0.974,0.75,0.144,0.835,0.686,0.218,0.563,0.442
0.968,0.743,0.129,0.835,0.68,0.217,0.572,0.53
0.964,0.743,0.129,0.834,0.681,0.22,0.571,0.588
0.962,0.743,0.129,0.833,0.681,0.221,0.571,0.652
0.955,0.743,0.127,0.832,0.681,0.223,0.573,0.708
0.95,0.742,0.126,0.832,0.682,0.224,0.575,0.758
0.944,0.742,0.123,0.832,0.682,0.224,0.577,0.892
0.934,0.741,0.118,0.834,0.682,0.224,0.582,0.962
0.9,0.738,0.09,0.843,0.68,0.218,0.604,0.976
0.863,0.731,0.065,0.847,0.676,0.218,0.627,0.977
0.823,0.716,0.063,0.834,0.667,0.236,0.643,0.976
0.794,0.7,0.078,0.812,0.658,0.263,0.648,0.976
0.772,0.684,0.098,0.788,0.648,0.29,0.649,0.977
0.755,0.667,0.124,0.762,0.637,0.319,0.647,0.976
0.748,0.641,0.142,0.739,0.614,0.339,0.653,0.974
0.754,0.61,0.138,0.728,0.582,0.341,0.675,0.975
0.768,0.588,0.119,0.733,0.555,0.324,0.696,0.979
0.783,0.585,0.095,0.753,0.545,0.294,0.713,0.974
0.805,0.585,0.073,0.774,0.538,0.264,0.724,0.978
0.851,0.587,0.081,0.782,0.535,0.249,0.719,0.978
0.876,0.588,0.116,0.769,0.537,0.263,0.702,0.975
0.902,0.589,0.15,0.756,0.54,0.277,0.686,0.982
0.938,0.59,0.144,0.766,0.535,0.26,0.686,0.952
0.946,0.59,0.141,0.769,0.534,0.256,0.686,0.801
0.962,0.589,0.131,0.776,0.531,0.244,0.69,0.682
0.962,0.589,0.131,0.776,0.531,0.244,0.69,0.59
0.963,0.589,0.132,0.776,0.531,0.244,0.689,0.535
0.963,0.589,0.132,0.776,0.531,0.245,0.689,0.664
0.962,0.589,0.133,0.775,0.531,0.245,0.689,0.587
0.962,0.589,0.132,0.775,0.53,0.245,0.689,0.638
0.959,0.588,0.173,0.763,0.533,0.261,0.681,0.657
0.957,0.589,0.206,0.748,0.537,0.281,0.668,0.682
0.955,0.59,0.241,0.731,0.543,0.303,0.654,0.7
0.953,0.591,0.281,0.711,0.549,0.33,0.637,0.713
0.953,0.591,0.316,0.691,0.554,0.355,0.621,0.713
0.954,0.591,0.348,0.673,0.559,0.378,0.607,0.692
0.957,0.591,0.375,0.659,0.563,0.396,0.594,0.652
0.96,0.591,0.397,0.647,0.566,0.41,0.584,0.604
0.963,0.592,0.415,0.638,0.568,0.422,0.575,0.558
0.966,0.592,0.431,0.629,0.57,0.433,0.567,0.502
0.97,0.592,0.448,0.62,0.573,0.444,0.559,0.451
0.968,0.593,0.472,0.607,0.577,0.46,0.548,0.41
0.965,0.593,0.5,0.591,0.581,0.48,0.536,0.442
0.963,0.593,0.528,0.579,0.584,0.495,0.527,0.478
0.965,0.594,0.573,0.581,0.584,0.492,0.526,0.457
0.967,0.595,0.606,0.582,0.584,0.491,0.525,0.419
0.964,0.596,0.639,0.562,0.59,0.515,0.51,0.442
0.961,0.596,0.668,0.546,0.595,0.536,0.497,0.478
0.96,0.596,0.702,0.526,0.601,0.561,0.48,0.482
0.96,0.597,0.737,0.506,0.606,0.585,0.464,0.475
0.961,0.597,0.772,0.485,0.612,0.609,0.447,0.469
0.959,0.598,0.807,0.465,0.618,0.634,0.43,0.456
0.958,0.599,0.84,0.445,0.624,0.657,0.415,0.473
0.957,0.599,0.874,0.425,0.63,0.681,0.399,0.483
0.956,0.6,0.908,0.405,0.636,0.704,0.382,0.495
0.955,0.6,0.941,0.385,0.641,0.728,0.367,0.512
0.956,0.599,0.941,0.382,0.641,0.731,0.366,0.454
0.961,0.593,0.903,0.395,0.632,0.714,0.381,0.433
0.963,0.589,0.874,0.406,0.625,0.7,0.393,0.39
0.961,0.576,0.84,0.416,0.61,0.686,0.415,0.403
0.959,0.566,0.815,0.423,0.597,0.675,0.432,0.448
0.958,0.559,0.787,0.435,0.587,0.659,0.449,0.478
0.96,0.547,0.755,0.447,0.572,0.642,0.471,0.463
0.961,0.535,0.717,0.455,0.557,0.628,0.49,0.448
0.962,0.522,0.683,0.466,0.541,0.611,0.512,0.443
0.963,0.511,0.65,0.479,0.526,0.591,0.532,0.434
0.965,0.501,0.615,0.492,0.512,0.572,0.552,0.419
0.966,0.492,0.581,0.502,0.5,0.556,0.569,0.396
0.967,0.482,0.541,0.509,0.488,0.544,0.583,0.379
0.969,0.473,0.498,0.522,0.475,0.524,0.602,0.37
0.97,0.468,0.465,0.535,0.466,0.506,0.616,0.345
0.97,0.46,0.431,0.549,0.454,0.485,0.635,0.358
0.97,0.449,0.396,0.561,0.439,0.466,0.654,0.376
0.97,0.44,0.362,0.573,0.426,0.446,0.672,0.391
0.969,0.431,0.331,0.586,0.413,0.426,0.69,0.413
0.969,0.418,0.297,0.598,0.395,0.404,0.712,0.41
0.971,0.406,0.267,0.609,0.379,0.384,0.731,0.39
0.971,0.396,0.234,0.622,0.364,0.361,0.751,0.395
0.972,0.387,0.199,0.636,0.351,0.338,0.769,0.405
0.973,0.381,0.162,0.65,0.34,0.317,0.785,0.413
0.973,0.372,0.151,0.655,0.329,0.306,0.797,0.461
0.971,0.369,0.178,0.642,0.329,0.321,0.791,0.507
0.969,0.367,0.194,0.632,0.331,0.334,0.786,0.571
0.967,0.366,0.209,0.625,0.331,0.343,0.781,0.617
0.967,0.366,0.224,0.622,0.332,0.348,0.779,0.702
0.967,0.366,0.23,0.62,0.333,0.35,0.778,0.837
0.966,0.366,0.237,0.618,0.333,0.352,0.777,0.892
0.966,0.366,0.26,0.619,0.333,0.351,0.777,0.845
0.966,0.366,0.297,0.604,0.337,0.372,0.766,0.865
0.964,0.366,0.334,0.586,0.343,0.396,0.753,0.867
0.963,0.366,0.382,0.583,0.344,0.399,0.751,0.882
0.96,0.367,0.424,0.572,0.347,0.415,0.743,0.899
0.959,0.367,0.446,0.559,0.352,0.432,0.733,0.857
0.957,0.368,0.471,0.545,0.357,0.45,0.723,0.822
0.957,0.368,0.484,0.538,0.359,0.46,0.717,0.725
0.957,0.368,0.495,0.532,0.361,0.467,0.713,0.676
0.957,0.368,0.511,0.524,0.364,0.479,0.707,0.721
0.959,0.369,0.541,0.507,0.369,0.5,0.694,0.689
0.958,0.369,0.564,0.494,0.373,0.517,0.685,0.648
0.958,0.37,0.582,0.484,0.377,0.531,0.677,0.596
0.956,0.371,0.619,0.463,0.385,0.558,0.661,0.602
0.954,0.372,0.654,0.444,0.392,0.584,0.646,0.601
0.953,0.374,0.69,0.424,0.399,0.61,0.631,0.603
0.954,0.376,0.728,0.404,0.408,0.636,0.614,0.602
0.955,0.378,0.752,0.391,0.413,0.653,0.604,0.56
0.956,0.381,0.784,0.373,0.421,0.676,0.589,0.539
0.956,0.382,0.818,0.355,0.428,0.699,0.575,0.523
0.953,0.382,0.854,0.333,0.434,0.726,0.56,0.519
0.95,0.382,0.877,0.319,0.439,0.743,0.551,0.556
0.949,0.383,0.9,0.305,0.443,0.76,0.541,0.597
0.943,0.383,0.902,0.297,0.446,0.77,0.536,0.672
0.938,0.383,0.901,0.295,0.446,0.773,0.535,0.754
0.932,0.382,0.9,0.294,0.447,0.775,0.534,0.821
0.929,0.382,0.9,0.293,0.447,0.775,0.534,0.873
0.922,0.382,0.896,0.294,0.447,0.774,0.535,0.927
0.91,0.382,0.875,0.304,0.443,0.762,0.543,0.967
0.892,0.379,0.838,0.322,0.436,0.74,0.558,0.968
0.858,0.367,0.812,0.324,0.422,0.734,0.574,0.972
0.838,0.351,0.839,0.297,0.414,0.762,0.573,0.966
0.823,0.338,0.866,0.271,0.408,0.788,0.57,0.969
0.81,0.323,0.896,0.244,0.401,0.815,0.565,0.966
0.807,0.295,0.911,0.221,0.378,0.832,0.577,0.969
0.816,0.267,0.9,0.217,0.349,0.824,0.602,0.971
0.844,0.262,0.935,0.202,0.349,0.841,0.599,0.972
0.89,0.258,0.953,0.2,0.347,0.844,0.603,0.968
0.924,0.254,0.933,0.215,0.337,0.824,0.619,0.967
0.934,0.251,0.925,0.22,0.333,0.817,0.625,0.746
0.946,0.249,0.918,0.225,0.329,0.81,0.632,0.808
0.949,0.249,0.918,0.225,0.329,0.81,0.632,0.6
0.949,0.249,0.919,0.225,0.329,0.81,0.632,0.652
0.949,0.249,0.919,0.225,0.33,0.81,0.631,0.589
0.949,0.249,0.918,0.226,0.329,0.809,0.632,0.668
0.949,0.249,0.917,0.225,0.33,0.811,0.631,0.571
0.953,0.249,0.891,0.237,0.326,0.796,0.638,0.511
0.956,0.25,0.87,0.249,0.323,0.781,0.645,0.551
0.958,0.25,0.858,0.256,0.321,0.772,0.649,0.464
0.961,0.25,0.839,0.266,0.318,0.76,0.655,0.421
0.963,0.25,0.812,0.279,0.314,0.743,0.663,0.366
0.961,0.25,0.786,0.292,0.31,0.727,0.67,0.428
0.961,0.25,0.749,0.311,0.304,0.703,0.682,0.422
0.963,0.25,0.713,0.331,0.298,0.677,0.695,0.418
0.965,0.25,0.676,0.349,0.292,0.653,0.707,0.406
0.966,0.249,0.639,0.367,0.285,0.629,0.719,0.393
0.967,0.249,0.599,0.388,0.278,0.602,0.733,0.392
0.967,0.247,0.562,0.405,0.27,0.578,0.746,0.403
0.966,0.243,0.527,0.422,0.261,0.554,0.761,0.413
0.966,0.236,0.491,0.438,0.249,0.53,0.777,0.417
0.967,0.23,0.456,0.454,0.237,0.506,0.794,0.42
0.967,0.223,0.421,0.469,0.224,0.482,0.811,0.419
0.967,0.217,0.402,0.476,0.216,0.468,0.821,0.46
0.966,0.205,0.369,0.488,0.199,0.445,0.839,0.458
0.966,0.194,0.34,0.498,0.184,0.426,0.856,0.482
0.967,0.18,0.313,0.505,0.166,0.408,0.874,0.505
0.967,0.162,0.29,0.507,0.145,0.394,0.893,0.531
0.966,0.129,0.286,0.492,0.114,0.397,0.914,0.533
0.966,0.1,0.283,0.477,0.088,0.4,0.931,0.554
0.964,0.077,0.284,0.464,0.066,0.403,0.945,0.591
0.965,0.047,0.302,0.447,0.04,0.409,0.963,0.594
0.969,0.037,0.346,0.441,0.032,0.413,0.97,0.654
0.969,0.033,0.359,0.433,0.031,0.422,0.969,0.577
0.969,0.024,0.392,0.41,0.029,0.45,0.964,0.583
0.97,0.023,0.401,0.404,0.029,0.457,0.963,0.646
0.971,0.022,0.407,0.401,0.029,0.461,0.962,0.811
0.972,0.019,0.432,0.387,0.031,0.479,0.957,0.774
0.973,0.019,0.439,0.384,0.032,0.484,0.955,0.711
0.972,0.018,0.45,0.378,0.034,0.492,0.953,0.663
0.97,0.018,0.478,0.364,0.039,0.511,0.944,0.696
0.967,0.018,0.508,0.349,0.044,0.533,0.935,0.752
0.965,0.018,0.54,0.331,0.05,0.557,0.925,0.778
0.964,0.018,0.563,0.318,0.054,0.575,0.918,0.834
0.963,0.017,0.598,0.299,0.061,0.602,0.907,0.841
0.963,0.017,0.637,0.277,0.068,0.631,0.896,0.843
0.963,0.017,0.664,0.262,0.074,0.652,0.888,0.811
0.963,0.017,0.694,0.245,0.079,0.675,0.879,0.85
0.961,0.018,0.718,0.232,0.085,0.693,0.87,0.814
0.96,0.019,0.748,0.216,0.092,0.716,0.859,0.845
0.957,0.022,0.779,0.199,0.101,0.739,0.846,0.788
0.956,0.023,0.795,0.191,0.105,0.75,0.84,0.718
0.955,0.024,0.819,0.178,0.111,0.768,0.831,0.673
0.955,0.027,0.846,0.164,0.118,0.788,0.82,0.61
0.955,0.031,0.88,0.146,0.128,0.812,0.805,0.598
0.956,0.035,0.913,0.13,0.139,0.835,0.789,0.583
0.957,0.04,0.943,0.116,0.149,0.855,0.772,0.558
0.957,0.042,0.958,0.108,0.154,0.865,0.765,0.511
0.952,0.042,0.954,0.104,0.155,0.87,0.762,0.567
0.947,0.042,0.95,0.098,0.156,0.877,0.757,0.66
0.937,0.042,0.946,0.089,0.159,0.887,0.75,0.729
0.932,0.042,0.943,0.087,0.159,0.889,0.747,0.873
0.919,0.042,0.934,0.086,0.159,0.888,0.744,0.965
0.891,0.045,0.9,0.099,0.156,0.869,0.739,0.966
0.87,0.048,0.865,0.116,0.151,0.846,0.74,0.97
0.853,0.05,0.829,0.134,0.147,0.821,0.742,0.97
0.833,0.054,0.791,0.153,0.143,0.796,0.743,0.971
0.809,0.058,0.752,0.172,0.14,0.77,0.743,0.972
0.783,0.064,0.714,0.19,0.139,0.747,0.741,0.978
0.756,0.071,0.677,0.207,0.139,0.725,0.736,0.972
0.728,0.08,0.645,0.222,0.142,0.706,0.729,0.978
0.696,0.091,0.616,0.235,0.149,0.692,0.718,0.979
0.663,0.105,0.59,0.247,0.159,0.681,0.704,0.977
0.624,0.122,0.566,0.257,0.173,0.673,0.686,0.977
0.582,0.141,0.544,0.265,0.19,0.669,0.665,0.971
0.542,0.156,0.527,0.27,0.205,0.669,0.648,0.972
0.504,0.172,0.516,0.271,0.222,0.675,0.631,0.971
0.462,0.19,0.506,0.27,0.242,0.685,0.613,0.97
0.424,0.21,0.502,0.269,0.265,0.697,0.594,0.972
0.391,0.235,0.501,0.271,0.294,0.71,0.575,0.973
0.368,0.26,0.505,0.273,0.323,0.721,0.555,0.973
0.347,0.284,0.512,0.275,0.352,0.732,0.532,0.972
0.327,0.308,0.523,0.275,0.381,0.746,0.513,0.973
0.308,0.33,0.544,0.268,0.409,0.768,0.497,0.972
0.192,0.316,0.497,0.237,0.388,0.816,0.569,0.961
0.199,0.349,0.502,0.257,0.423,0.814,0.567,0.958
0.203,0.382,0.515,0.272,0.458,0.819,0.564,0.956
0.21,0.413,0.527,0.287,0.491,0.821,0.561,0.959
0.221,0.447,0.534,0.309,0.525,0.816,0.561,0.958
0.232,0.478,0.54,0.33,0.555,0.809,0.561,0.962
0.245,0.508,0.542,0.353,0.584,0.798,0.562,0.956
0.259,0.539,0.541,0.377,0.612,0.786,0.563,0.957
0.277,0.572,0.543,0.403,0.644,0.773,0.562,0.958
0.292,0.603,0.553,0.42,0.674,0.767,0.556,0.958
0.308,0.636,0.567,0.437,0.706,0.761,0.547,0.954
0.324,0.665,0.584,0.45,0.734,0.757,0.536,0.961
0.339,0.694,0.604,0.462,0.762,0.754,0.524,0.959
0.357,0.722,0.626,0.473,0.79,0.75,0.509,0.958
0.375,0.747,0.652,0.479,0.814,0.75,0.491,0.958
0.396,0.771,0.678,0.485,0.838,0.749,0.47,0.956
0.42,0.793,0.702,0.49,0.858,0.746,0.449,0.952
0.45,0.815,0.723,0.498,0.877,0.737,0.427,0.956
0.484,0.836,0.742,0.508,0.893,0.726,0.404,0.957
0.52,0.856,0.756,0.52,0.908,0.711,0.382,0.952
0.555,0.873,0.767,0.531,0.919,0.695,0.362,0.958
0.591,0.888,0.774,0.543,0.927,0.677,0.343,0.955
0.629,0.901,0.781,0.554,0.934,0.659,0.323,0.956
0.668,0.918,0.787,0.567,0.944,0.639,0.3,0.959
0.704,0.936,0.794,0.578,0.956,0.622,0.275,0.962
0.735,0.953,0.805,0.585,0.967,0.609,0.248,0.96
0.764,0.966,0.827,0.582,0.977,0.606,0.217,0.962
0.793,0.973,0.853,0.575,0.981,0.608,0.187,0.962
0.826,0.976,0.879,0.565,0.981,0.61,0.158,0.962
0.865,0.978,0.896,0.561,0.979,0.604,0.132,0.962
0.904,0.987,0.898,0.567,0.981,0.587,0.107,0.961
0.935,0.989,0.893,0.574,0.976,0.571,0.096,0.917
0.938,0.989,0.892,0.575,0.976,0.57,0.095,0.791
0.949,0.989,0.892,0.576,0.974,0.566,0.091,0.66
0.95,0.989,0.892,0.576,0.974,0.566,0.091,0.722
0.95,0.989,0.892,0.576,0.974,0.566,0.091,0.646
0.95,0.989,0.891,0.577,0.974,0.565,0.091,0.713
0.95,0.989,0.891,0.576,0.974,0.566,0.09,0.628
0.952,0.989,0.888,0.572,0.974,0.569,0.086,0.573
0.959,0.988,0.851,0.585,0.97,0.554,0.097,0.535
0.962,0.988,0.832,0.59,0.969,0.549,0.101,0.485
0.963,0.988,0.822,0.593,0.969,0.546,0.103,0.426
0.968,0.989,0.796,0.609,0.966,0.526,0.113,0.393
0.971,0.991,0.769,0.625,0.964,0.508,0.122,0.341
0.973,0.993,0.739,0.642,0.963,0.488,0.133,0.306
0.972,0.993,0.704,0.662,0.959,0.466,0.152,0.311
0.974,0.992,0.67,0.682,0.954,0.443,0.172,0.312
0.976,0.993,0.637,0.702,0.95,0.42,0.188,0.298
0.977,0.993,0.606,0.72,0.947,0.4,0.204,0.275
0.978,0.993,0.573,0.74,0.943,0.377,0.221,0.261
0.98,0.993,0.538,0.76,0.938,0.353,0.24,0.245
0.982,0.993,0.509,0.778,0.934,0.332,0.256,0.217
0.984,0.993,0.477,0.796,0.93,0.31,0.274,0.172
0.987,0.992,0.443,0.816,0.925,0.286,0.292,0.17
0.988,0.991,0.408,0.836,0.92,0.263,0.312,0.163
0.988,0.991,0.375,0.855,0.915,0.24,0.331,0.177
0.99,0.99,0.344,0.873,0.911,0.219,0.348,0.148
0.992,0.989,0.312,0.892,0.906,0.196,0.367,0.133
0.994,0.989,0.278,0.911,0.901,0.172,0.385,0.126
0.995,0.988,0.243,0.931,0.897,0.147,0.405,0.113
0.996,0.987,0.209,0.95,0.892,0.123,0.424,0.113
0.996,0.986,0.18,0.966,0.888,0.104,0.441,0.085
0.996,0.986,0.177,0.968,0.887,0.101,0.443,0.142
0.998,0.986,0.146,0.985,0.883,0.079,0.459,0.12
0.997,0.985,0.125,0.998,0.881,0.064,0.472,0.179
0.995,0.985,0.125,0.999,0.881,0.062,0.474,0.229
0.992,0.985,0.126,1,0.881,0.062,0.476,0.319
0.982,0.985,0.128,0.997,0.883,0.068,0.479,0.411
0.976,0.985,0.131,0.995,0.884,0.072,0.48,0.525
0.97,0.985,0.135,0.992,0.885,0.078,0.48,0.627
0.959,0.984,0.146,0.984,0.888,0.091,0.478,0.674
0.954,0.984,0.151,0.981,0.89,0.096,0.477,0.758
0.946,0.984,0.161,0.974,0.892,0.107,0.475,0.877
0.937,0.983,0.173,0.966,0.895,0.119,0.472,0.944
0.92,0.983,0.201,0.948,0.901,0.147,0.463,0.959
0.903,0.981,0.231,0.928,0.905,0.175,0.455,0.969
0.883,0.978,0.266,0.904,0.91,0.209,0.446,0.971
0.863,0.972,0.302,0.878,0.912,0.244,0.437,0.969
0.844,0.965,0.336,0.853,0.913,0.279,0.432,0.965
0.828,0.957,0.366,0.829,0.911,0.31,0.428,0.969
0.813,0.947,0.395,0.806,0.908,0.34,0.426,0.966
0.799,0.935,0.423,0.783,0.902,0.37,0.428,0.967
0.788,0.921,0.45,0.759,0.894,0.4,0.431,0.969
0.78,0.904,0.476,0.736,0.882,0.428,0.439,0.969
0.778,0.884,0.5,0.713,0.865,0.455,0.451,0.967
0.78,0.862,0.52,0.692,0.846,0.478,0.467,0.962
0.783,0.839,0.541,0.672,0.826,0.5,0.481,0.969
0.786,0.817,0.566,0.648,0.807,0.525,0.491,0.966
0.785,0.798,0.599,0.621,0.793,0.555,0.497,0.969
0.784,0.785,0.632,0.599,0.783,0.58,0.498,0.962
0.783,0.774,0.668,0.578,0.777,0.602,0.493,0.969
0.784,0.764,0.706,0.554,0.772,0.628,0.486,0.965
0.788,0.756,0.745,0.531,0.768,0.653,0.476,0.96
0.796,0.751,0.781,0.509,0.767,0.675,0.461,0.962
0.813,0.75,0.817,0.491,0.769,0.692,0.44,0.965
0.839,0.75,0.848,0.477,0.77,0.703,0.416,0.965
0.876,0.75,0.872,0.469,0.769,0.704,0.393,0.964
0.919,0.75,0.886,0.467,0.765,0.698,0.373,0.963
0.936,0.75,0.885,0.47,0.763,0.692,0.368,0.871
0.939,0.75,0.886,0.47,0.763,0.691,0.366,0.605
0.942,0.75,0.886,0.47,0.763,0.691,0.365,0.747
0.949,0.75,0.885,0.471,0.762,0.688,0.364,0.797
0.951,0.75,0.885,0.471,0.761,0.687,0.363,0.715
0.952,0.75,0.886,0.471,0.761,0.687,0.363,0.536
0.953,0.75,0.886,0.471,0.761,0.687,0.362,0.412
0.953,0.75,0.886,0.471,0.761,0.687,0.362,0.56
0.954,0.75,0.886,0.471,0.761,0.687,0.362,0.505
0.954,0.75,0.885,0.472,0.761,0.686,0.363,0.582
0.955,0.75,0.884,0.472,0.761,0.686,0.363,0.657
0.955,0.75,0.884,0.472,0.761,0.686,0.362,0.405
0.955,0.75,0.884,0.472,0.761,0.686,0.362,0.461
0.955,0.75,0.884,0.472,0.761,0.686,0.362,0.58
0.956,0.75,0.883,0.471,0.762,0.687,0.361,0.521
0.956,0.75,0.883,0.47,0.762,0.688,0.36,0.439
0.957,0.752,0.879,0.472,0.764,0.686,0.358,0.498
0.959,0.756,0.87,0.479,0.766,0.678,0.358,0.438
0.961,0.762,0.859,0.488,0.769,0.668,0.357,0.378
0.963,0.768,0.846,0.499,0.772,0.655,0.357,0.459
0.966,0.775,0.831,0.511,0.776,0.642,0.358,0.362
0.968,0.78,0.817,0.522,0.778,0.63,0.36,0.271
0.97,0.785,0.803,0.533,0.781,0.618,0.362,0.334
0.972,0.79,0.789,0.543,0.782,0.606,0.364,0.254
0.975,0.806,0.761,0.567,0.793,0.58,0.359,0.265
0.974,0.813,0.756,0.572,0.799,0.573,0.354,0.217
0.974,0.836,0.736,0.594,0.817,0.552,0.343,0.231
0.976,0.855,0.71,0.616,0.83,0.528,0.341,0.216
0.978,0.87,0.685,0.638,0.84,0.505,0.341,0.192
0.98,0.889,0.653,0.663,0.853,0.477,0.34,0.186
0.981,0.905,0.625,0.687,0.864,0.45,0.339,0.172
0.982,0.924,0.598,0.71,0.878,0.425,0.334,0.179
0.982,0.941,0.573,0.731,0.89,0.401,0.331,0.199
0.98,0.955,0.54,0.745,0.902,0.383,0.318,0.221
0.976,0.954,0.529,0.735,0.905,0.396,0.311,0.294
0.977,0.949,0.491,0.752,0.897,0.377,0.333,0.301
0.98,0.941,0.458,0.768,0.885,0.356,0.356,0.304
0.982,0.935,0.441,0.777,0.878,0.345,0.37,0.262
0.982,0.927,0.423,0.784,0.868,0.335,0.386,0.222
0.981,0.916,0.404,0.79,0.856,0.326,0.405,0.261
0.984,0.904,0.387,0.796,0.842,0.316,0.422,0.214
0.988,0.895,0.371,0.802,0.831,0.307,0.436,0.149
0.991,0.884,0.356,0.807,0.819,0.298,0.451,0.1
0.99,0.863,0.332,0.813,0.797,0.288,0.479,0.112
0.987,0.85,0.315,0.817,0.782,0.28,0.499,0.149
0.986,0.837,0.297,0.822,0.768,0.272,0.518,0.205
0.986,0.819,0.27,0.83,0.748,0.257,0.544,0.213
0.988,0.801,0.243,0.838,0.727,0.242,0.57,0.207
0.989,0.787,0.221,0.845,0.712,0.229,0.59,0.173
0.989,0.77,0.198,0.85,0.692,0.218,0.612,0.146
0.988,0.766,0.188,0.854,0.688,0.212,0.621,0.193
0.986,0.759,0.172,0.86,0.679,0.203,0.633,0.236
0.984,0.746,0.154,0.864,0.665,0.194,0.651,0.285
0.978,0.746,0.154,0.863,0.666,0.196,0.652,0.349
0.975,0.746,0.154,0.863,0.666,0.197,0.653,0.413
0.966,0.746,0.154,0.862,0.667,0.2,0.655,0.533
0.962,0.746,0.154,0.861,0.668,0.202,0.656,0.609
0.953,0.745,0.152,0.86,0.668,0.205,0.659,0.706
0.948,0.744,0.15,0.859,0.668,0.206,0.661,0.781
0.943,0.743,0.148,0.859,0.668,0.208,0.664,0.884
0.931,0.742,0.143,0.853,0.669,0.217,0.664,0.95
0.901,0.736,0.116,0.84,0.67,0.239,0.669,0.962
0.871,0.729,0.081,0.832,0.669,0.252,0.679,0.961
0.837,0.722,0.044,0.837,0.665,0.25,0.702,0.962
0.798,0.711,0.026,0.834,0.657,0.257,0.723,0.966
0.764,0.699,0.043,0.812,0.653,0.287,0.727,0.968
0.746,0.693,0.07,0.789,0.653,0.317,0.72,0.965
0.73,0.685,0.098,0.766,0.651,0.346,0.713,0.968
0.716,0.674,0.125,0.742,0.646,0.373,0.708,0.956
0.71,0.646,0.14,0.721,0.619,0.389,0.714,0.962
0.723,0.618,0.125,0.721,0.588,0.373,0.732,0.963
0.741,0.6,0.107,0.731,0.563,0.35,0.75,0.961
0.764,0.586,0.095,0.745,0.542,0.321,0.767,0.962
0.8,0.579,0.093,0.761,0.528,0.293,0.776,0.965
0.845,0.579,0.107,0.764,0.524,0.283,0.767,0.972
0.892,0.581,0.112,0.771,0.52,0.268,0.76,0.973
0.938,0.582,0.114,0.779,0.516,0.251,0.754,0.965
0.955,0.583,0.117,0.781,0.516,0.247,0.75,0.734
0.961,0.582,0.117,0.782,0.515,0.245,0.75,0.652
0.981,0.583,0.119,0.786,0.513,0.237,0.747,0.39
0.982,0.582,0.119,0.787,0.512,0.236,0.748,0.27
0.983,0.582,0.12,0.788,0.511,0.234,0.749,0.523
0.984,0.582,0.121,0.79,0.511,0.231,0.751,0.374
0.982,0.582,0.127,0.805,0.506,0.211,0.764,0.44
0.982,0.582,0.129,0.81,0.505,0.205,0.768,0.496
0.981,0.582,0.132,0.815,0.503,0.198,0.773,0.587
0.981,0.582,0.134,0.822,0.501,0.188,0.779,0.655
0.981,0.582,0.137,0.83,0.499,0.178,0.785,0.526
0.981,0.582,0.14,0.836,0.497,0.169,0.791,0.446
0.981,0.583,0.143,0.842,0.495,0.161,0.796,0.587
0.981,0.583,0.148,0.853,0.492,0.146,0.805,0.73
0.982,0.583,0.154,0.861,0.49,0.136,0.812,0.667
0.982,0.583,0.158,0.86,0.49,0.136,0.811,0.607
0.98,0.583,0.176,0.851,0.493,0.149,0.804,0.691
0.979,0.583,0.181,0.848,0.494,0.154,0.801,0.765
0.979,0.583,0.187,0.844,0.495,0.158,0.798,0.685
0.975,0.583,0.214,0.829,0.499,0.179,0.786,0.752
0.974,0.583,0.235,0.818,0.502,0.195,0.777,0.792
0.973,0.583,0.248,0.81,0.504,0.205,0.771,0.742
0.971,0.583,0.267,0.799,0.507,0.219,0.762,0.788
0.97,0.583,0.286,0.788,0.509,0.234,0.754,0.746
0.969,0.583,0.316,0.772,0.513,0.256,0.741,0.775
0.968,0.582,0.331,0.763,0.515,0.267,0.734,0.613
0.967,0.582,0.363,0.745,0.52,0.29,0.72,0.593
0.966,0.582,0.396,0.727,0.525,0.315,0.704,0.575
0.965,0.582,0.428,0.709,0.53,0.338,0.69,0.554
0.964,0.582,0.452,0.695,0.533,0.356,0.678,0.515
0.963,0.581,0.487,0.675,0.537,0.381,0.663,0.507
0.963,0.581,0.525,0.653,0.543,0.408,0.645,0.508
0.963,0.58,0.546,0.641,0.545,0.423,0.636,0.459
0.963,0.581,0.581,0.622,0.551,0.448,0.619,0.459
0.964,0.581,0.62,0.6,0.557,0.475,0.601,0.457
0.963,0.581,0.648,0.583,0.562,0.496,0.587,0.428
0.962,0.582,0.677,0.567,0.567,0.516,0.574,0.457
0.961,0.582,0.709,0.548,0.572,0.539,0.559,0.437
0.961,0.582,0.739,0.531,0.577,0.56,0.545,0.41
0.961,0.583,0.763,0.517,0.58,0.577,0.533,0.449
0.96,0.583,0.793,0.499,0.585,0.598,0.519,0.416
0.961,0.583,0.826,0.48,0.591,0.622,0.503,0.432
0.961,0.583,0.855,0.463,0.595,0.642,0.489,0.403
0.958,0.584,0.886,0.445,0.601,0.664,0.475,0.442
0.953,0.584,0.912,0.429,0.605,0.683,0.463,0.485
0.951,0.584,0.923,0.422,0.607,0.692,0.458,0.536
0.956,0.583,0.929,0.414,0.608,0.7,0.452,0.484
0.96,0.581,0.92,0.416,0.606,0.697,0.454,0.422
0.964,0.578,0.896,0.419,0.602,0.693,0.46,0.379
0.965,0.577,0.887,0.416,0.602,0.696,0.459,0.324
0.967,0.564,0.854,0.405,0.593,0.706,0.464,0.294
0.965,0.555,0.834,0.409,0.583,0.699,0.477,0.341
0.966,0.553,0.808,0.412,0.58,0.696,0.482,0.293
0.969,0.547,0.769,0.409,0.575,0.698,0.486,0.261
0.968,0.54,0.741,0.391,0.574,0.717,0.481,0.294
0.968,0.533,0.698,0.38,0.57,0.729,0.481,0.275
0.971,0.526,0.665,0.396,0.559,0.708,0.5,0.248
0.97,0.518,0.631,0.412,0.546,0.686,0.52,0.25
0.968,0.51,0.603,0.425,0.535,0.669,0.538,0.278
0.968,0.502,0.574,0.438,0.523,0.65,0.557,0.302
0.97,0.494,0.542,0.454,0.51,0.628,0.576,0.29
0.973,0.488,0.515,0.467,0.5,0.61,0.592,0.255
0.977,0.481,0.485,0.482,0.489,0.589,0.609,0.199
0.981,0.476,0.459,0.495,0.479,0.57,0.624,0.164
0.984,0.472,0.437,0.506,0.472,0.554,0.636,0.117
0.986,0.469,0.416,0.517,0.466,0.54,0.646,0.064
0.989,0.464,0.386,0.532,0.456,0.519,0.663,0.035
0.99,0.457,0.353,0.547,0.444,0.496,0.681,0.021
0.989,0.449,0.318,0.562,0.432,0.474,0.7,0.018
0.988,0.439,0.291,0.573,0.418,0.456,0.718,0.047
0.988,0.428,0.262,0.584,0.403,0.437,0.738,0.068
0.991,0.415,0.233,0.594,0.386,0.418,0.757,0.048
0.991,0.403,0.204,0.604,0.37,0.399,0.777,0.023
0.993,0.39,0.172,0.616,0.354,0.377,0.797,0.03
0.994,0.372,0.143,0.623,0.332,0.359,0.82,0.03
0.992,0.364,0.132,0.625,0.322,0.352,0.83,0.082
0.991,0.364,0.134,0.626,0.322,0.351,0.83,0.144
0.988,0.364,0.137,0.631,0.321,0.344,0.834,0.202
0.987,0.364,0.138,0.633,0.32,0.341,0.835,0.287
0.987,0.365,0.139,0.635,0.32,0.338,0.836,0.441
0.986,0.365,0.14,0.637,0.319,0.336,0.838,0.555
0.984,0.364,0.142,0.642,0.318,0.329,0.842,0.423
0.983,0.364,0.144,0.644,0.317,0.326,0.844,0.535
0.982,0.364,0.147,0.645,0.316,0.325,0.845,0.628
0.981,0.363,0.151,0.645,0.316,0.325,0.845,0.492
0.98,0.362,0.163,0.639,0.315,0.331,0.843,0.41
0.978,0.36,0.176,0.633,0.315,0.339,0.84,0.62
0.978,0.359,0.183,0.631,0.315,0.342,0.839,0.679
0.979,0.354,0.228,0.63,0.309,0.339,0.844,0.659
0.98,0.353,0.235,0.632,0.308,0.337,0.846,0.561
0.98,0.352,0.24,0.632,0.306,0.336,0.847,0.505
0.981,0.351,0.245,0.633,0.305,0.334,0.849,0.426
0.981,0.351,0.25,0.633,0.305,0.334,0.849,0.567
0.981,0.35,0.256,0.633,0.304,0.334,0.849,0.619
0.98,0.349,0.294,0.625,0.305,0.344,0.845,0.59
0.979,0.348,0.322,0.612,0.309,0.362,0.835,0.627
0.976,0.349,0.354,0.594,0.314,0.386,0.822,0.648
0.974,0.349,0.376,0.582,0.318,0.402,0.814,0.689
0.973,0.349,0.397,0.571,0.322,0.417,0.805,0.627
0.972,0.349,0.424,0.556,0.327,0.438,0.794,0.549
0.974,0.35,0.454,0.54,0.332,0.459,0.782,0.577
0.977,0.35,0.477,0.528,0.336,0.474,0.773,0.628
0.979,0.351,0.498,0.518,0.34,0.488,0.764,0.578
0.98,0.353,0.518,0.508,0.344,0.502,0.754,0.53
0.977,0.355,0.556,0.489,0.353,0.527,0.737,0.529
0.974,0.357,0.582,0.476,0.358,0.544,0.726,0.6
0.972,0.362,0.616,0.461,0.368,0.565,0.706,0.613
0.973,0.365,0.646,0.449,0.375,0.58,0.691,0.575
0.975,0.367,0.671,0.44,0.38,0.591,0.681,0.524
0.974,0.367,0.694,0.43,0.383,0.604,0.673,0.564
0.97,0.367,0.733,0.412,0.388,0.627,0.66,0.566
0.968,0.368,0.755,0.403,0.392,0.639,0.653,0.495
0.965,0.369,0.787,0.387,0.398,0.658,0.64,0.457
0.965,0.37,0.815,0.374,0.402,0.675,0.63,0.403
0.968,0.371,0.846,0.358,0.409,0.695,0.615,0.373
0.969,0.373,0.873,0.344,0.415,0.713,0.601,0.337
0.966,0.375,0.904,0.326,0.422,0.734,0.585,0.315
0.966,0.375,0.905,0.326,0.422,0.735,0.585,0.377
0.965,0.376,0.915,0.321,0.425,0.741,0.579,0.648
0.965,0.378,0.925,0.318,0.428,0.745,0.572,0.399
0.965,0.378,0.924,0.318,0.428,0.745,0.572,0.348
0.96,0.378,0.923,0.314,0.429,0.75,0.57,0.436
0.954,0.378,0.921,0.311,0.43,0.753,0.569,0.503
0.945,0.378,0.917,0.307,0.431,0.759,0.566,0.645
0.939,0.377,0.915,0.303,0.432,0.763,0.565,0.705
0.927,0.374,0.908,0.298,0.431,0.769,0.566,0.828
0.92,0.372,0.902,0.297,0.429,0.77,0.568,0.937
0.892,0.362,0.871,0.304,0.42,0.762,0.592,0.949
0.866,0.351,0.838,0.313,0.406,0.747,0.61,0.95
0.827,0.338,0.817,0.311,0.393,0.746,0.622,0.957
0.805,0.328,0.843,0.287,0.39,0.772,0.618,0.949
0.791,0.317,0.872,0.262,0.385,0.798,0.613,0.951
0.787,0.298,0.901,0.237,0.372,0.82,0.616,0.953
0.793,0.27,0.92,0.216,0.349,0.834,0.628,0.95
0.828,0.252,0.921,0.219,0.33,0.822,0.648,0.957
0.873,0.25,0.938,0.226,0.326,0.814,0.655,0.952
0.921,0.249,0.949,0.229,0.325,0.811,0.66,0.952
0.935,0.248,0.948,0.231,0.324,0.808,0.663,0.74
0.939,0.248,0.949,0.231,0.323,0.808,0.663,0.517
0.944,0.248,0.95,0.232,0.323,0.808,0.663,0.729
0.948,0.248,0.95,0.232,0.323,0.807,0.664,0.666
0.953,0.248,0.949,0.234,0.323,0.806,0.665,0.733
0.957,0.248,0.949,0.234,0.323,0.805,0.665,0.804
0.96,0.248,0.949,0.235,0.323,0.805,0.665,0.452
0.962,0.249,0.951,0.234,0.324,0.805,0.664,0.285
0.964,0.249,0.951,0.235,0.324,0.805,0.664,0.427
0.964,0.249,0.95,0.235,0.323,0.804,0.665,0.521
0.964,0.249,0.95,0.235,0.324,0.805,0.664,0.463
0.964,0.249,0.95,0.235,0.324,0.805,0.664,0.309
0.963,0.249,0.95,0.234,0.324,0.806,0.663,0.257
0.963,0.249,0.948,0.233,0.324,0.807,0.663,0.366
0.963,0.249,0.948,0.232,0.325,0.808,0.662,0.442
0.963,0.249,0.947,0.231,0.325,0.81,0.661,0.381
0.963,0.249,0.945,0.227,0.326,0.814,0.659,0.302
0.962,0.249,0.942,0.222,0.328,0.821,0.656,0.361
0.962,0.249,0.94,0.219,0.329,0.825,0.654,0.426
0.961,0.249,0.937,0.212,0.331,0.833,0.649,0.357
0.96,0.249,0.934,0.205,0.333,0.842,0.645,0.289
0.96,0.249,0.933,0.202,0.334,0.846,0.643,0.364
0.96,0.249,0.931,0.2,0.335,0.848,0.642,0.429
0.962,0.25,0.918,0.207,0.333,0.839,0.646,0.335
0.965,0.25,0.9,0.218,0.33,0.825,0.652,0.383
0.967,0.25,0.887,0.225,0.327,0.816,0.657,0.309
0.968,0.25,0.876,0.23,0.326,0.811,0.659,0.258
0.969,0.25,0.841,0.243,0.322,0.795,0.667,0.227
0.971,0.25,0.811,0.259,0.317,0.774,0.677,0.256
0.972,0.25,0.792,0.269,0.314,0.762,0.684,0.206
0.972,0.25,0.762,0.284,0.309,0.743,0.693,0.236
0.972,0.249,0.717,0.296,0.304,0.727,0.701,0.242
0.973,0.248,0.681,0.313,0.298,0.706,0.713,0.223
0.974,0.247,0.648,0.33,0.292,0.683,0.724,0.202
0.976,0.245,0.608,0.35,0.283,0.656,0.74,0.197
0.978,0.242,0.57,0.369,0.274,0.631,0.754,0.198
0.978,0.239,0.535,0.386,0.266,0.607,0.768,0.186
0.979,0.234,0.498,0.404,0.254,0.58,0.785,0.175
0.979,0.228,0.468,0.418,0.243,0.559,0.8,0.2
0.978,0.221,0.433,0.433,0.231,0.535,0.817,0.22
0.978,0.214,0.4,0.448,0.218,0.511,0.834,0.232
0.978,0.207,0.369,0.462,0.207,0.489,0.849,0.257
0.979,0.2,0.334,0.477,0.194,0.465,0.866,0.264
0.98,0.189,0.301,0.489,0.178,0.442,0.885,0.266
0.982,0.167,0.283,0.488,0.155,0.432,0.905,0.24
0.982,0.138,0.27,0.479,0.126,0.427,0.927,0.242
0.981,0.115,0.27,0.467,0.105,0.431,0.941,0.276
0.979,0.107,0.272,0.462,0.098,0.433,0.945,0.324
0.977,0.085,0.277,0.449,0.078,0.437,0.958,0.361
0.975,0.065,0.283,0.436,0.06,0.443,0.969,0.402
0.974,0.056,0.297,0.431,0.053,0.445,0.974,0.459
0.975,0.047,0.328,0.447,0.038,0.418,0.993,0.444
0.975,0.04,0.353,0.445,0.031,0.416,0.999,0.541
0.975,0.039,0.356,0.443,0.031,0.419,0.998,0.76
0.975,0.035,0.37,0.433,0.03,0.43,0.996,0.707
0.974,0.032,0.38,0.427,0.029,0.437,0.995,0.771
0.974,0.029,0.409,0.418,0.029,0.448,0.993,0.722
0.975,0.029,0.43,0.418,0.03,0.449,0.993,0.67
0.973,0.029,0.464,0.402,0.035,0.472,0.983,0.691
0.971,0.028,0.494,0.386,0.04,0.494,0.974,0.719
0.971,0.028,0.53,0.368,0.046,0.519,0.965,0.707
0.973,0.027,0.558,0.354,0.051,0.539,0.958,0.661
0.974,0.027,0.578,0.344,0.054,0.553,0.952,0.61
0.975,0.027,0.603,0.33,0.059,0.571,0.945,0.561
0.974,0.026,0.639,0.312,0.064,0.597,0.936,0.582
0.971,0.025,0.68,0.295,0.069,0.619,0.927,0.579
0.97,0.025,0.702,0.286,0.072,0.631,0.922,0.623
0.968,0.024,0.739,0.267,0.078,0.657,0.912,0.628
0.968,0.024,0.773,0.249,0.084,0.681,0.903,0.653
0.969,0.023,0.809,0.231,0.09,0.706,0.894,0.639
0.969,0.023,0.834,0.219,0.094,0.722,0.889,0.594
0.969,0.024,0.874,0.205,0.1,0.741,0.879,0.578
0.966,0.026,0.893,0.195,0.106,0.754,0.868,0.63
0.965,0.027,0.899,0.192,0.108,0.759,0.865,0.68
0.962,0.03,0.918,0.182,0.114,0.773,0.853,0.725
0.96,0.031,0.93,0.176,0.118,0.781,0.846,0.775
0.961,0.032,0.936,0.173,0.12,0.785,0.842,0.685
0.961,0.032,0.936,0.173,0.12,0.784,0.842,0.492
0.951,0.032,0.928,0.159,0.123,0.801,0.832,0.6
0.946,0.032,0.924,0.154,0.125,0.808,0.828,0.673
0.942,0.032,0.919,0.15,0.126,0.812,0.825,0.735
0.932,0.033,0.902,0.144,0.128,0.818,0.818,0.847
0.926,0.034,0.891,0.144,0.129,0.818,0.815,0.91
0.915,0.037,0.86,0.149,0.129,0.811,0.81,0.947
0.9,0.04,0.819,0.163,0.127,0.791,0.807,0.952
0.887,0.044,0.782,0.182,0.123,0.766,0.808,0.956
0.874,0.048,0.745,0.202,0.12,0.739,0.809,0.961
0.858,0.053,0.709,0.221,0.118,0.713,0.808,0.962
0.842,0.06,0.674,0.241,0.117,0.688,0.805,0.965
0.822,0.068,0.638,0.26,0.119,0.663,0.799,0.958
0.796,0.079,0.598,0.281,0.122,0.637,0.791,0.964
0.767,0.093,0.561,0.302,0.129,0.613,0.781,0.962
0.736,0.108,0.532,0.318,0.139,0.595,0.765,0.965
0.7,0.123,0.513,0.326,0.152,0.588,0.745,0.968
0.665,0.141,0.504,0.331,0.17,0.588,0.72,0.965
0.633,0.16,0.501,0.333,0.191,0.593,0.693,0.962
0.603,0.179,0.505,0.333,0.212,0.601,0.664,0.963
0.57,0.202,0.516,0.329,0.24,0.615,0.629,0.961
0.537,0.225,0.533,0.322,0.268,0.633,0.593,0.962
0.512,0.241,0.548,0.315,0.29,0.648,0.565,0.961
0.488,0.259,0.566,0.307,0.314,0.666,0.536,0.965
0.467,0.276,0.583,0.3,0.336,0.682,0.51,0.962
0.444,0.295,0.601,0.293,0.361,0.699,0.48,0.954
0.423,0.312,0.618,0.286,0.385,0.715,0.455,0.958
0.402,0.33,0.635,0.279,0.408,0.731,0.43,0.966
0.38,0.35,0.653,0.273,0.435,0.748,0.404,0.959
0.358,0.369,0.672,0.265,0.461,0.766,0.378,0.958
0.338,0.388,0.689,0.259,0.486,0.782,0.353,0.958
0.315,0.405,0.707,0.249,0.51,0.802,0.329,0.956
0.294,0.413,0.731,0.231,0.525,0.826,0.31,0.956
0.273,0.41,0.756,0.207,0.53,0.853,0.296,0.957
0.193,0.316,0.497,0.239,0.388,0.814,0.57,0.957
0.198,0.348,0.489,0.265,0.42,0.801,0.562,0.956
0.204,0.381,0.482,0.292,0.452,0.79,0.561,0.955
0.21,0.413,0.474,0.319,0.483,0.777,0.564,0.96
0.215,0.444,0.468,0.342,0.514,0.77,0.566,0.956
0.22,0.476,0.466,0.363,0.546,0.765,0.567,0.956
0.224,0.509,0.467,0.382,0.579,0.761,0.568,0.959
0.228,0.541,0.472,0.399,0.613,0.76,0.566,0.954
0.232,0.577,0.481,0.415,0.65,0.761,0.561,0.958
0.237,0.609,0.494,0.427,0.684,0.764,0.555,0.956
0.243,0.64,0.508,0.439,0.717,0.766,0.547,0.956
0.251,0.672,0.527,0.45,0.751,0.768,0.537,0.956
0.261,0.701,0.548,0.457,0.782,0.772,0.524,0.958
0.273,0.731,0.576,0.461,0.813,0.778,0.507,0.957
0.286,0.756,0.602,0.465,0.839,0.782,0.49,0.96
0.302,0.781,0.629,0.468,0.865,0.785,0.471,0.962
0.323,0.81,0.658,0.473,0.894,0.785,0.448,0.963
0.346,0.834,0.682,0.48,0.916,0.781,0.427,0.958
0.373,0.856,0.702,0.489,0.935,0.773,0.407,0.961
0.403,0.877,0.715,0.501,0.951,0.759,0.388,0.954
0.436,0.894,0.729,0.513,0.963,0.743,0.369,0.959
0.475,0.91,0.746,0.522,0.973,0.728,0.345,0.959
0.512,0.924,0.756,0.534,0.98,0.71,0.325,0.959
0.552,0.936,0.769,0.543,0.985,0.692,0.304,0.963
0.595,0.946,0.782,0.551,0.988,0.674,0.28,0.956
0.637,0.955,0.792,0.559,0.989,0.657,0.258,0.959
0.678,0.96,0.802,0.565,0.988,0.641,0.237,0.961
0.719,0.964,0.813,0.569,0.985,0.627,0.216,0.958
0.76,0.969,0.825,0.571,0.984,0.615,0.192,0.958
0.8,0.973,0.841,0.57,0.982,0.607,0.167,0.956
0.839,0.975,0.858,0.566,0.979,0.601,0.142,0.96
0.881,0.978,0.871,0.565,0.977,0.591,0.116,0.959
0.922,0.985,0.874,0.57,0.976,0.575,0.093,0.959
0.935,0.989,0.877,0.571,0.978,0.571,0.082,0.873
0.938,0.99,0.878,0.571,0.979,0.57,0.079,0.794
0.944,0.991,0.879,0.572,0.978,0.568,0.076,0.847
0.951,0.99,0.878,0.573,0.976,0.565,0.074,0.704
0.952,0.99,0.878,0.573,0.976,0.565,0.074,0.587
0.953,0.99,0.877,0.573,0.976,0.565,0.074,0.698
0.953,0.99,0.877,0.573,0.976,0.565,0.074,0.642
0.953,0.99,0.877,0.573,0.976,0.565,0.074,0.591
0.954,0.99,0.876,0.572,0.976,0.566,0.072,0.643
0.954,0.99,0.876,0.571,0.976,0.567,0.072,0.583
0.957,0.989,0.872,0.568,0.976,0.57,0.07,0.504
0.956,0.989,0.861,0.54,0.983,0.601,0.046,0.499
0.955,0.988,0.85,0.513,0.991,0.632,0.023,0.512
0.961,0.988,0.814,0.533,0.986,0.609,0.039,0.513
0.964,0.988,0.797,0.543,0.983,0.598,0.047,0.406
0.968,0.989,0.768,0.548,0.983,0.591,0.05,0.328
0.971,0.989,0.743,0.562,0.98,0.576,0.06,0.288
0.974,0.989,0.709,0.577,0.977,0.56,0.072,0.262
0.976,0.991,0.671,0.596,0.975,0.538,0.085,0.27
0.978,0.994,0.641,0.616,0.974,0.515,0.095,0.233
0.977,0.995,0.61,0.635,0.971,0.493,0.11,0.212
0.975,0.995,0.591,0.646,0.969,0.481,0.121,0.254
0.975,0.995,0.569,0.659,0.966,0.467,0.134,0.294
0.978,0.995,0.542,0.675,0.963,0.448,0.147,0.262
0.979,0.995,0.517,0.69,0.959,0.431,0.161,0.225
0.979,0.993,0.484,0.71,0.954,0.409,0.181,0.215
0.979,0.99,0.454,0.726,0.948,0.391,0.2,0.24
0.981,0.987,0.42,0.745,0.941,0.368,0.221,0.235
0.983,0.984,0.391,0.762,0.934,0.348,0.239,0.203
0.984,0.984,0.359,0.781,0.93,0.326,0.257,0.219
0.983,0.983,0.337,0.793,0.927,0.312,0.27,0.259
0.987,0.983,0.308,0.811,0.922,0.29,0.285,0.235
0.988,0.983,0.299,0.816,0.921,0.284,0.29,0.186
0.99,0.982,0.27,0.833,0.917,0.263,0.305,0.159
0.992,0.982,0.252,0.843,0.914,0.251,0.315,0.113
0.99,0.981,0.221,0.861,0.91,0.23,0.333,0.148
0.989,0.981,0.195,0.876,0.907,0.212,0.347,0.183
0.989,0.98,0.18,0.884,0.905,0.202,0.356,0.232
0.989,0.98,0.147,0.903,0.901,0.18,0.375,0.215
0.989,0.981,0.125,0.916,0.899,0.163,0.384,0.254
0.986,0.982,0.111,0.924,0.899,0.154,0.391,0.311
0.983,0.981,0.112,0.923,0.9,0.155,0.392,0.385
0.978,0.981,0.113,0.922,0.901,0.158,0.393,0.461
0.969,0.98,0.118,0.918,0.902,0.166,0.395,0.633
0.956,0.979,0.128,0.91,0.904,0.178,0.395,0.752
0.938,0.976,0.144,0.898,0.907,0.197,0.395,0.946
0.917,0.972,0.166,0.881,0.91,0.222,0.393,0.973
0.895,0.968,0.193,0.861,0.913,0.252,0.389,0.969
0.875,0.963,0.221,0.84,0.916,0.281,0.384,0.972
0.856,0.958,0.249,0.819,0.917,0.31,0.379,0.971
0.837,0.95,0.281,0.795,0.917,0.343,0.374,0.967
0.821,0.943,0.31,0.773,0.916,0.371,0.369,0.971
0.8,0.93,0.35,0.741,0.912,0.411,0.365,0.969
0.785,0.918,0.378,0.718,0.907,0.44,0.363,0.962
0.768,0.899,0.414,0.687,0.896,0.477,0.364,0.961
0.756,0.884,0.442,0.662,0.887,0.505,0.364,0.962
0.745,0.865,0.472,0.636,0.873,0.535,0.368,0.962
0.738,0.842,0.506,0.61,0.855,0.561,0.373,0.959
0.735,0.821,0.536,0.587,0.838,0.583,0.376,0.962
0.739,0.792,0.569,0.568,0.811,0.597,0.385,0.962
0.752,0.769,0.599,0.563,0.785,0.593,0.397,0.969
0.772,0.753,0.636,0.564,0.765,0.583,0.405,0.967
0.795,0.751,0.677,0.573,0.756,0.566,0.407,0.965
0.816,0.752,0.721,0.571,0.755,0.565,0.395,0.97
0.836,0.753,0.759,0.557,0.757,0.578,0.376,0.969
0.858,0.752,0.793,0.54,0.758,0.592,0.355,0.97
0.884,0.752,0.825,0.525,0.759,0.605,0.334,0.971
0.915,0.751,0.854,0.512,0.758,0.615,0.313,0.966
0.925,0.751,0.863,0.508,0.758,0.618,0.306,0.827
0.932,0.75,0.867,0.506,0.757,0.619,0.303,0.908
0.936,0.75,0.869,0.505,0.756,0.619,0.301,0.966
0.941,0.749,0.869,0.505,0.755,0.618,0.301,0.88
0.941,0.749,0.869,0.505,0.755,0.618,0.301,0.674
0.941,0.749,0.869,0.505,0.755,0.618,0.301,0.752
0.941,0.748,0.87,0.505,0.754,0.618,0.301,0.852
0.942,0.748,0.87,0.504,0.754,0.618,0.301,0.663
0.942,0.747,0.871,0.504,0.753,0.619,0.301,0.716
0.943,0.746,0.871,0.503,0.752,0.619,0.302,0.794
0.944,0.745,0.871,0.503,0.752,0.619,0.302,0.664
0.945,0.743,0.874,0.5,0.75,0.622,0.302,0.756
0.945,0.742,0.878,0.498,0.749,0.624,0.301,0.634
0.946,0.742,0.877,0.498,0.749,0.623,0.301,0.733
0.946,0.742,0.876,0.499,0.749,0.623,0.301,0.651
0.952,0.749,0.863,0.509,0.753,0.61,0.297,0.525
0.96,0.763,0.837,0.531,0.761,0.585,0.293,0.505
0.962,0.767,0.829,0.536,0.763,0.579,0.292,0.432
0.966,0.774,0.814,0.546,0.769,0.568,0.29,0.364
0.97,0.788,0.787,0.567,0.777,0.544,0.286,0.341
0.971,0.794,0.778,0.574,0.781,0.535,0.283,0.287
0.971,0.816,0.756,0.597,0.798,0.508,0.266,0.29
0.971,0.838,0.734,0.619,0.815,0.482,0.246,0.291
0.974,0.853,0.706,0.642,0.824,0.454,0.241,0.298
0.976,0.863,0.677,0.663,0.83,0.428,0.239,0.278
0.978,0.871,0.657,0.677,0.835,0.41,0.235,0.238
0.979,0.886,0.63,0.699,0.845,0.381,0.224,0.223
0.98,0.904,0.606,0.72,0.859,0.355,0.212,0.235
0.981,0.921,0.58,0.742,0.871,0.328,0.204,0.253
0.98,0.941,0.557,0.763,0.886,0.302,0.191,0.262
0.979,0.952,0.54,0.775,0.895,0.287,0.183,0.308
0.975,0.946,0.516,0.767,0.893,0.297,0.183,0.35
0.975,0.935,0.484,0.782,0.879,0.278,0.208,0.346
0.976,0.923,0.458,0.793,0.864,0.264,0.231,0.393
0.978,0.909,0.435,0.8,0.848,0.252,0.253,0.364
0.982,0.896,0.41,0.81,0.832,0.236,0.275,0.288
0.984,0.891,0.403,0.812,0.826,0.233,0.281,0.234
0.987,0.878,0.388,0.817,0.813,0.224,0.297,0.171
0.991,0.863,0.367,0.823,0.795,0.213,0.318,0.141
0.994,0.854,0.352,0.829,0.785,0.204,0.331,0.083
0.996,0.844,0.335,0.835,0.773,0.194,0.346,0.042
0.996,0.829,0.304,0.843,0.756,0.18,0.37,0.023
0.994,0.815,0.278,0.852,0.74,0.166,0.392,0.05
0.993,0.8,0.25,0.861,0.722,0.15,0.416,0.067
0.993,0.789,0.228,0.869,0.709,0.138,0.434,0.102
0.994,0.775,0.203,0.877,0.693,0.123,0.455,0.13
0.995,0.758,0.177,0.885,0.674,0.108,0.478,0.15
0.995,0.738,0.152,0.89,0.651,0.094,0.503,0.14
0.993,0.73,0.14,0.892,0.642,0.089,0.513,0.194
0.991,0.715,0.114,0.9,0.625,0.073,0.534,0.219
0.986,0.715,0.115,0.899,0.626,0.075,0.534,0.363
0.976,0.715,0.115,0.898,0.628,0.078,0.533,0.472
0.971,0.715,0.115,0.897,0.628,0.079,0.533,0.572
0.961,0.715,0.115,0.895,0.629,0.083,0.534,0.69
0.947,0.713,0.117,0.892,0.63,0.09,0.535,0.89
0.931,0.711,0.117,0.888,0.631,0.095,0.537,0.962
0.886,0.704,0.11,0.882,0.63,0.107,0.546,0.972
0.841,0.696,0.096,0.878,0.627,0.116,0.559,0.971
0.798,0.685,0.078,0.874,0.621,0.122,0.572,0.97
0.758,0.67,0.06,0.868,0.61,0.129,0.587,0.972
0.722,0.649,0.05,0.855,0.594,0.142,0.598,0.971
0.697,0.627,0.064,0.83,0.577,0.167,0.599,0.969
0.687,0.611,0.097,0.804,0.567,0.195,0.589,0.97
0.689,0.593,0.13,0.782,0.552,0.213,0.584,0.963
0.706,0.566,0.149,0.766,0.524,0.219,0.588,0.969
0.74,0.558,0.159,0.779,0.508,0.194,0.602,0.972
0.777,0.56,0.192,0.778,0.508,0.194,0.595,0.969
0.822,0.563,0.211,0.778,0.508,0.19,0.589,0.974
0.862,0.566,0.198,0.794,0.503,0.167,0.597,0.974
0.892,0.569,0.177,0.813,0.499,0.14,0.605,0.977
0.923,0.572,0.156,0.831,0.495,0.114,0.614,0.975
0.946,0.574,0.146,0.841,0.493,0.099,0.618,0.928
0.954,0.574,0.146,0.842,0.492,0.097,0.619,0.816
0.966,0.574,0.148,0.843,0.491,0.095,0.618,0.755
0.969,0.574,0.148,0.844,0.491,0.094,0.618,0.701
0.972,0.574,0.148,0.844,0.491,0.093,0.618,0.64
0.973,0.574,0.149,0.844,0.491,0.093,0.619,0.5
0.977,0.574,0.15,0.844,0.49,0.093,0.619,0.45
0.977,0.574,0.151,0.845,0.49,0.092,0.619,0.521
0.977,0.574,0.153,0.848,0.489,0.088,0.622,0.603
0.977,0.574,0.155,0.85,0.489,0.084,0.624,0.732
0.977,0.574,0.155,0.852,0.488,0.082,0.625,0.8
0.978,0.574,0.16,0.859,0.486,0.072,0.631,0.732
0.979,0.575,0.165,0.869,0.483,0.058,0.639,0.682
0.981,0.575,0.173,0.888,0.478,0.032,0.655,0.639
0.983,0.575,0.182,0.909,0.472,0.003,0.672,0.593
0.981,0.575,0.195,0.905,0.473,0.008,0.669,0.719
0.978,0.575,0.217,0.893,0.477,0.025,0.659,0.68
0.975,0.575,0.246,0.877,0.481,0.047,0.646,0.731
0.971,0.575,0.275,0.861,0.486,0.069,0.633,0.808
0.968,0.575,0.3,0.847,0.49,0.089,0.621,0.844
0.967,0.575,0.309,0.842,0.491,0.096,0.617,0.901
0.963,0.575,0.339,0.825,0.496,0.119,0.604,0.926
0.96,0.575,0.368,0.809,0.5,0.142,0.59,0.739
0.956,0.575,0.401,0.79,0.505,0.166,0.575,0.714
0.953,0.575,0.435,0.771,0.511,0.192,0.56,0.72
0.951,0.575,0.47,0.752,0.516,0.218,0.544,0.731
0.949,0.575,0.504,0.733,0.522,0.243,0.528,0.742
0.949,0.575,0.54,0.713,0.527,0.269,0.512,0.758
0.949,0.576,0.585,0.688,0.534,0.301,0.492,0.757
0.95,0.576,0.619,0.669,0.539,0.326,0.476,0.738
0.951,0.576,0.652,0.65,0.544,0.349,0.461,0.715
0.954,0.577,0.692,0.629,0.55,0.377,0.443,0.704
0.956,0.577,0.72,0.613,0.555,0.396,0.431,0.65
0.958,0.578,0.754,0.594,0.56,0.42,0.415,0.637
0.962,0.578,0.794,0.572,0.566,0.448,0.397,0.622
0.964,0.578,0.826,0.554,0.571,0.47,0.382,0.644
0.963,0.579,0.853,0.538,0.576,0.49,0.37,0.551
0.96,0.579,0.888,0.517,0.582,0.515,0.354,0.555
0.96,0.579,0.892,0.515,0.582,0.518,0.352,0.474
0.955,0.579,0.921,0.497,0.587,0.54,0.339,0.5
0.953,0.579,0.936,0.488,0.59,0.551,0.332,0.555
0.949,0.579,0.96,0.473,0.594,0.569,0.322,0.613
0.954,0.576,0.954,0.469,0.592,0.573,0.321,0.538
0.959,0.572,0.928,0.476,0.586,0.563,0.33,0.49
0.963,0.568,0.907,0.481,0.58,0.556,0.338,0.419
0.963,0.56,0.882,0.471,0.575,0.566,0.339,0.377
0.962,0.555,0.855,0.447,0.576,0.594,0.327,0.395
0.962,0.548,0.827,0.424,0.576,0.621,0.317,0.367
0.963,0.54,0.788,0.403,0.574,0.643,0.311,0.363
0.961,0.53,0.744,0.394,0.567,0.651,0.315,0.341
0.963,0.517,0.699,0.389,0.554,0.653,0.325,0.335
0.964,0.505,0.664,0.401,0.539,0.636,0.346,0.333
0.965,0.495,0.631,0.416,0.525,0.614,0.366,0.334
0.965,0.488,0.6,0.431,0.513,0.594,0.384,0.354
0.965,0.483,0.58,0.44,0.505,0.581,0.396,0.313
0.966,0.475,0.546,0.456,0.493,0.559,0.415,0.331
0.967,0.469,0.52,0.468,0.483,0.541,0.43,0.295
0.969,0.462,0.489,0.483,0.471,0.52,0.447,0.324
0.97,0.455,0.463,0.495,0.461,0.502,0.463,0.293
0.972,0.444,0.426,0.51,0.444,0.478,0.485,0.292
0.973,0.433,0.394,0.524,0.429,0.457,0.505,0.304
0.975,0.423,0.361,0.538,0.415,0.435,0.524,0.276
0.976,0.415,0.333,0.55,0.403,0.415,0.541,0.303
0.977,0.407,0.301,0.564,0.389,0.393,0.559,0.287
0.977,0.399,0.268,0.578,0.377,0.371,0.576,0.262
0.976,0.391,0.235,0.593,0.364,0.348,0.595,0.278
0.975,0.383,0.202,0.607,0.351,0.326,0.612,0.293
0.975,0.378,0.182,0.615,0.343,0.312,0.623,0.344
0.976,0.368,0.15,0.628,0.329,0.29,0.641,0.357
0.978,0.358,0.121,0.639,0.314,0.27,0.659,0.315
0.977,0.357,0.122,0.638,0.314,0.271,0.658,0.377
0.975,0.357,0.124,0.64,0.314,0.267,0.66,0.432
0.975,0.355,0.157,0.649,0.308,0.254,0.669,0.647
0.974,0.353,0.166,0.645,0.308,0.259,0.667,0.732
0.972,0.351,0.182,0.638,0.308,0.268,0.663,0.801
0.969,0.348,0.22,0.623,0.309,0.287,0.655,0.781
0.967,0.347,0.243,0.613,0.311,0.299,0.649,0.824
0.964,0.346,0.275,0.596,0.315,0.322,0.637,0.846
0.963,0.345,0.31,0.58,0.319,0.344,0.627,0.867
0.963,0.345,0.347,0.567,0.323,0.361,0.618,0.827
0.963,0.345,0.396,0.572,0.322,0.354,0.621,0.827
0.96,0.346,0.43,0.567,0.325,0.362,0.616,0.877
0.957,0.346,0.457,0.551,0.33,0.383,0.605,0.907
0.956,0.346,0.477,0.54,0.333,0.398,0.597,0.952
0.955,0.346,0.508,0.523,0.338,0.421,0.585,0.976
0.956,0.347,0.52,0.516,0.341,0.429,0.58,0.929
0.958,0.348,0.551,0.5,0.347,0.451,0.566,0.887
0.959,0.349,0.566,0.492,0.351,0.461,0.559,0.839
0.961,0.353,0.595,0.478,0.359,0.48,0.542,0.811
0.961,0.354,0.601,0.476,0.361,0.484,0.538,0.758
0.958,0.36,0.635,0.459,0.372,0.505,0.514,0.773
0.956,0.362,0.661,0.447,0.379,0.521,0.5,0.815
0.958,0.366,0.697,0.434,0.387,0.538,0.483,0.781
0.959,0.367,0.71,0.429,0.389,0.544,0.478,0.729
0.961,0.37,0.743,0.418,0.396,0.559,0.463,0.674
0.961,0.371,0.777,0.406,0.4,0.574,0.454,0.703
0.958,0.372,0.814,0.388,0.407,0.597,0.441,0.713
0.957,0.371,0.829,0.378,0.409,0.608,0.435,0.776
0.955,0.371,0.854,0.364,0.413,0.626,0.425,0.832
0.954,0.371,0.889,0.344,0.419,0.652,0.412,0.837
0.953,0.371,0.916,0.328,0.424,0.671,0.401,0.804
0.952,0.371,0.923,0.324,0.425,0.676,0.398,0.87
0.952,0.372,0.947,0.31,0.43,0.694,0.389,0.653
0.952,0.372,0.949,0.309,0.43,0.695,0.388,0.567
0.945,0.371,0.945,0.302,0.432,0.703,0.383,0.637
0.943,0.371,0.945,0.302,0.432,0.703,0.383,0.688
0.932,0.371,0.946,0.299,0.433,0.707,0.38,0.788
0.927,0.37,0.947,0.296,0.433,0.71,0.378,0.88
0.923,0.37,0.949,0.293,0.434,0.714,0.376,0.931
0.899,0.364,0.96,0.27,0.436,0.739,0.365,0.954
0.871,0.353,0.973,0.244,0.432,0.766,0.358,0.956
0.841,0.333,0.984,0.222,0.419,0.785,0.36,0.946
0.83,0.304,0.993,0.2,0.395,0.8,0.373,0.949
0.839,0.276,0.979,0.198,0.367,0.793,0.399,0.95
0.854,0.254,0.959,0.202,0.342,0.779,0.425,0.956
0.899,0.249,0.963,0.21,0.335,0.769,0.439,0.957
0.926,0.249,0.946,0.225,0.329,0.751,0.455,0.907
0.93,0.249,0.945,0.226,0.329,0.751,0.456,0.694
0.939,0.249,0.945,0.228,0.329,0.749,0.458,0.84
0.953,0.25,0.947,0.229,0.329,0.749,0.462,0.679
0.955,0.25,0.947,0.23,0.329,0.748,0.462,0.411
0.956,0.25,0.946,0.23,0.329,0.748,0.463,0.512
0.956,0.249,0.946,0.23,0.328,0.748,0.463,0.607
0.956,0.249,0.946,0.229,0.328,0.748,0.463,0.482
0.956,0.249,0.946,0.229,0.328,0.748,0.464,0.423
0.955,0.249,0.943,0.227,0.328,0.751,0.462,0.509
0.955,0.249,0.943,0.225,0.329,0.753,0.461,0.564
0.955,0.249,0.942,0.223,0.33,0.756,0.459,0.462
0.954,0.249,0.938,0.215,0.332,0.765,0.455,0.413
0.953,0.249,0.937,0.214,0.332,0.767,0.454,0.529
0.953,0.249,0.936,0.211,0.333,0.77,0.452,0.457
0.952,0.249,0.935,0.211,0.333,0.771,0.452,0.508
0.952,0.249,0.934,0.21,0.333,0.772,0.451,0.456
0.952,0.248,0.932,0.21,0.333,0.771,0.451,0.522
0.954,0.248,0.91,0.223,0.328,0.755,0.46,0.483
0.957,0.245,0.874,0.241,0.319,0.731,0.474,0.492
0.958,0.243,0.855,0.249,0.315,0.72,0.481,0.414
0.958,0.241,0.825,0.261,0.309,0.704,0.49,0.447
0.959,0.24,0.793,0.276,0.303,0.684,0.5,0.42
0.961,0.24,0.76,0.295,0.297,0.661,0.511,0.439
0.962,0.239,0.736,0.308,0.292,0.644,0.52,0.4
0.965,0.237,0.707,0.324,0.285,0.622,0.531,0.373
0.968,0.236,0.681,0.336,0.279,0.606,0.541,0.334
0.969,0.232,0.65,0.35,0.271,0.586,0.553,0.306
0.969,0.228,0.616,0.365,0.262,0.564,0.566,0.326
0.969,0.224,0.579,0.384,0.252,0.538,0.58,0.334
0.968,0.221,0.544,0.402,0.243,0.512,0.594,0.34
0.968,0.218,0.516,0.416,0.235,0.491,0.606,0.377
0.97,0.214,0.486,0.43,0.225,0.47,0.62,0.351
0.972,0.206,0.45,0.446,0.212,0.444,0.637,0.341
0.973,0.198,0.414,0.462,0.199,0.419,0.655,0.345
0.975,0.19,0.383,0.475,0.185,0.397,0.671,0.317
0.977,0.178,0.35,0.487,0.168,0.374,0.69,0.306
0.978,0.164,0.318,0.496,0.15,0.352,0.71,0.298
0.978,0.14,0.304,0.491,0.125,0.345,0.729,0.326
0.978,0.109,0.3,0.478,0.095,0.346,0.75,0.329
0.977,0.078,0.298,0.462,0.067,0.35,0.769,0.34
0.976,0.057,0.298,0.45,0.048,0.354,0.781,0.381
0.975,0.034,0.312,0.445,0.025,0.347,0.8,0.415
0.975,0.028,0.33,0.456,0.016,0.328,0.812,0.454
0.973,0.014,0.364,0.45,0.003,0.329,0.821,0.5
0.973,0.012,0.368,0.448,0.002,0.331,0.821,0.604
0.973,0.01,0.377,0.444,0.001,0.334,0.821,0.788
0.97,0.004,0.406,0.432,0,0.349,0.819,0.749
0.967,0.001,0.441,0.413,0.003,0.374,0.81,0.765
0.965,0,0.476,0.399,0.01,0.398,0.807,0.744
0.965,0,0.506,0.386,0.018,0.422,0.805,0.715
0.965,0.001,0.541,0.368,0.025,0.447,0.794,0.702
0.962,0.001,0.575,0.351,0.032,0.471,0.782,0.729
0.962,0.002,0.612,0.338,0.037,0.49,0.773,0.755
0.963,0.003,0.627,0.333,0.04,0.497,0.77,0.698
0.966,0.003,0.651,0.334,0.042,0.498,0.77,0.652
0.968,0.004,0.661,0.336,0.042,0.496,0.771,0.593
0.969,0.004,0.695,0.332,0.044,0.502,0.77,0.558
0.968,0.004,0.725,0.32,0.049,0.519,0.762,0.504
0.966,0.006,0.747,0.309,0.054,0.534,0.753,0.554
0.962,0.008,0.772,0.296,0.061,0.552,0.741,0.593
0.959,0.01,0.794,0.285,0.067,0.568,0.729,0.663
0.957,0.012,0.81,0.277,0.073,0.579,0.718,0.722
0.955,0.015,0.831,0.266,0.08,0.594,0.706,0.793
0.953,0.019,0.855,0.255,0.087,0.61,0.692,0.854
0.951,0.023,0.879,0.244,0.097,0.628,0.68,0.922
0.951,0.028,0.912,0.228,0.108,0.65,0.661,0.91
0.951,0.033,0.942,0.215,0.119,0.67,0.644,0.877
0.954,0.037,0.978,0.197,0.13,0.695,0.627,0.883
0.956,0.037,0.982,0.194,0.13,0.698,0.627,0.571
0.95,0.036,0.973,0.183,0.132,0.712,0.619,0.626
0.942,0.036,0.969,0.17,0.136,0.727,0.609,0.711
0.931,0.036,0.962,0.154,0.14,0.745,0.596,0.859
0.919,0.035,0.953,0.139,0.143,0.762,0.583,0.9
0.918,0.035,0.952,0.137,0.144,0.764,0.582,0.958
0.897,0.035,0.928,0.116,0.148,0.786,0.561,0.972
0.87,0.035,0.892,0.106,0.15,0.793,0.543,0.972
0.849,0.036,0.854,0.119,0.145,0.773,0.539,0.969
0.825,0.039,0.811,0.139,0.141,0.743,0.534,0.966
0.804,0.044,0.776,0.157,0.139,0.719,0.529,0.971
0.782,0.051,0.743,0.174,0.14,0.696,0.521,0.972
0.758,0.061,0.711,0.191,0.144,0.675,0.511,0.966
0.726,0.075,0.679,0.208,0.153,0.655,0.495,0.966
0.689,0.093,0.654,0.222,0.168,0.642,0.473,0.968
0.65,0.115,0.634,0.233,0.187,0.634,0.448,0.965
0.619,0.135,0.62,0.244,0.207,0.629,0.427,0.972
0.588,0.156,0.605,0.253,0.227,0.625,0.407,0.964
0.552,0.179,0.59,0.263,0.25,0.622,0.385,0.962
0.518,0.198,0.578,0.269,0.271,0.624,0.366,0.962
0.482,0.217,0.567,0.273,0.291,0.628,0.347,0.965
0.443,0.233,0.561,0.271,0.311,0.637,0.326,0.965
0.407,0.247,0.563,0.264,0.331,0.653,0.305,0.966
0.374,0.262,0.578,0.251,0.353,0.676,0.283,0.963
0.351,0.271,0.599,0.236,0.369,0.7,0.264,0.97
0.332,0.278,0.624,0.219,0.384,0.725,0.247,0.975
0.314,0.281,0.649,0.199,0.393,0.75,0.23,0.962
0.294,0.279,0.676,0.175,0.399,0.777,0.214,0.968
0.192,0.316,0.497,0.238,0.388,0.816,0.569,0.96
0.206,0.342,0.482,0.268,0.411,0.794,0.57,0.957
0.216,0.37,0.471,0.295,0.437,0.78,0.572,0.958
0.227,0.397,0.462,0.321,0.463,0.766,0.574,0.955
0.238,0.426,0.456,0.345,0.491,0.753,0.576,0.962
0.251,0.462,0.454,0.372,0.526,0.743,0.578,0.96
0.262,0.493,0.454,0.394,0.555,0.734,0.579,0.959
0.274,0.523,0.454,0.416,0.585,0.725,0.58,0.959
0.287,0.556,0.458,0.438,0.616,0.716,0.578,0.959
0.3,0.587,0.463,0.459,0.647,0.707,0.576,0.962
0.315,0.621,0.472,0.479,0.679,0.7,0.571,0.955
0.331,0.654,0.483,0.497,0.712,0.693,0.563,0.956
0.346,0.685,0.496,0.512,0.743,0.689,0.552,0.958
0.362,0.717,0.514,0.524,0.774,0.686,0.538,0.955
0.378,0.746,0.533,0.534,0.804,0.684,0.522,0.96
0.394,0.774,0.556,0.54,0.831,0.685,0.503,0.954
0.411,0.801,0.579,0.546,0.858,0.685,0.483,0.956
0.428,0.827,0.603,0.551,0.883,0.685,0.461,0.965
0.448,0.851,0.625,0.555,0.906,0.683,0.438,0.965
0.469,0.874,0.649,0.559,0.928,0.681,0.414,0.962
0.495,0.897,0.672,0.564,0.947,0.676,0.388,0.959
0.524,0.918,0.695,0.569,0.965,0.669,0.36,0.963
0.555,0.933,0.716,0.572,0.977,0.661,0.334,0.958
0.592,0.947,0.74,0.574,0.985,0.652,0.305,0.959
0.63,0.955,0.761,0.575,0.988,0.643,0.277,0.958
0.667,0.963,0.782,0.574,0.991,0.636,0.25,0.959
0.705,0.969,0.8,0.574,0.991,0.627,0.225,0.959
0.746,0.971,0.818,0.572,0.988,0.618,0.2,0.961
0.788,0.972,0.83,0.573,0.983,0.607,0.178,0.958
0.829,0.974,0.843,0.572,0.979,0.597,0.155,0.956
0.866,0.975,0.862,0.566,0.976,0.594,0.13,0.964
0.898,0.982,0.883,0.559,0.979,0.594,0.1,0.962
0.935,0.985,0.882,0.565,0.976,0.578,0.084,0.91
0.937,0.985,0.883,0.565,0.975,0.578,0.082,0.802
0.951,0.985,0.883,0.566,0.973,0.573,0.076,0.653
0.956,0.986,0.883,0.567,0.973,0.571,0.074,0.602
0.96,0.985,0.882,0.568,0.972,0.569,0.074,0.538
0.96,0.985,0.882,0.568,0.971,0.569,0.073,0.474
0.963,0.985,0.879,0.565,0.971,0.572,0.071,0.396
0.963,0.985,0.878,0.563,0.972,0.573,0.069,0.344
0.964,0.984,0.866,0.539,0.978,0.601,0.049,0.367
0.963,0.983,0.858,0.518,0.983,0.625,0.031,0.402
0.962,0.983,0.846,0.49,0.991,0.656,0.008,0.408
0.967,0.983,0.818,0.495,0.989,0.649,0.011,0.341
0.973,0.983,0.787,0.515,0.985,0.628,0.025,0.318
0.974,0.983,0.783,0.517,0.984,0.624,0.027,0.253
0.978,0.984,0.756,0.534,0.981,0.606,0.04,0.2
0.978,0.984,0.731,0.543,0.979,0.596,0.048,0.16
0.98,0.985,0.697,0.565,0.976,0.572,0.064,0.162
0.983,0.986,0.677,0.577,0.974,0.558,0.073,0.119
0.985,0.987,0.657,0.59,0.972,0.544,0.082,0.074
0.987,0.987,0.628,0.608,0.968,0.523,0.097,0.048
0.986,0.987,0.594,0.629,0.964,0.5,0.116,0.054
0.987,0.987,0.56,0.649,0.96,0.478,0.135,0.064
0.987,0.987,0.523,0.671,0.955,0.453,0.156,0.056
0.987,0.986,0.492,0.689,0.951,0.433,0.174,0.078
0.986,0.985,0.459,0.709,0.946,0.411,0.194,0.067
0.986,0.985,0.44,0.72,0.944,0.398,0.205,0.109
0.987,0.985,0.403,0.742,0.939,0.373,0.225,0.111
0.989,0.985,0.382,0.755,0.936,0.358,0.235,0.068
0.993,0.986,0.349,0.775,0.932,0.333,0.251,0.019
0.994,0.987,0.315,0.795,0.929,0.309,0.267,0.002
0.993,0.987,0.29,0.81,0.927,0.291,0.28,0.041
0.99,0.987,0.265,0.824,0.924,0.275,0.294,0.078
0.99,0.986,0.241,0.839,0.921,0.258,0.308,0.113
0.991,0.986,0.209,0.857,0.917,0.236,0.325,0.133
0.991,0.985,0.174,0.877,0.912,0.212,0.345,0.125
0.991,0.984,0.148,0.891,0.908,0.195,0.36,0.164
0.991,0.983,0.116,0.91,0.904,0.172,0.378,0.137
0.991,0.983,0.112,0.912,0.904,0.169,0.38,0.192
0.989,0.984,0.1,0.919,0.903,0.162,0.386,0.258
0.986,0.984,0.101,0.918,0.904,0.163,0.386,0.311
0.983,0.985,0.103,0.917,0.905,0.165,0.386,0.381
0.979,0.985,0.104,0.916,0.906,0.167,0.386,0.456
0.969,0.985,0.106,0.914,0.909,0.173,0.388,0.604
0.963,0.984,0.108,0.912,0.909,0.176,0.389,0.673
0.957,0.984,0.11,0.91,0.91,0.18,0.391,0.735
0.942,0.983,0.12,0.902,0.913,0.194,0.392,0.881
0.935,0.982,0.128,0.896,0.915,0.203,0.391,0.946
0.915,0.979,0.161,0.874,0.92,0.235,0.382,0.957
0.898,0.976,0.192,0.852,0.924,0.264,0.373,0.962
0.879,0.973,0.227,0.828,0.928,0.297,0.363,0.958
0.86,0.968,0.264,0.802,0.931,0.332,0.353,0.96
0.842,0.96,0.302,0.774,0.931,0.368,0.345,0.959
0.826,0.949,0.342,0.746,0.928,0.403,0.338,0.958
0.813,0.937,0.38,0.719,0.923,0.437,0.334,0.957
0.803,0.922,0.42,0.688,0.915,0.473,0.33,0.957
0.796,0.907,0.457,0.659,0.906,0.508,0.329,0.958
0.793,0.891,0.494,0.63,0.896,0.54,0.325,0.957
0.792,0.876,0.531,0.603,0.886,0.57,0.322,0.952
0.792,0.86,0.567,0.577,0.875,0.596,0.319,0.959
0.793,0.845,0.604,0.552,0.864,0.622,0.313,0.956
0.794,0.831,0.64,0.527,0.855,0.647,0.306,0.955
0.795,0.82,0.676,0.502,0.848,0.672,0.296,0.954
0.797,0.81,0.712,0.478,0.844,0.697,0.284,0.958
0.798,0.802,0.748,0.455,0.841,0.72,0.272,0.956
0.801,0.795,0.783,0.432,0.838,0.744,0.26,0.954
0.806,0.787,0.818,0.409,0.835,0.767,0.248,0.953
0.814,0.778,0.853,0.386,0.83,0.789,0.235,0.956
0.855,0.763,0.866,0.385,0.811,0.779,0.236,0.955
0.889,0.758,0.85,0.401,0.798,0.755,0.243,0.957
0.922,0.752,0.828,0.417,0.786,0.731,0.25,0.953
0.936,0.75,0.822,0.421,0.781,0.723,0.252,0.899
0.939,0.75,0.823,0.421,0.78,0.723,0.251,0.712
0.943,0.75,0.825,0.421,0.78,0.722,0.25,0.777
0.947,0.75,0.83,0.431,0.777,0.71,0.256,0.692
0.947,0.75,0.831,0.434,0.776,0.706,0.259,0.59
0.948,0.75,0.833,0.438,0.775,0.702,0.261,0.641
0.949,0.75,0.838,0.45,0.772,0.688,0.27,0.686
0.949,0.75,0.839,0.45,0.771,0.687,0.271,0.613
0.951,0.75,0.837,0.455,0.77,0.681,0.274,0.562
0.952,0.752,0.836,0.452,0.772,0.685,0.269,0.511
0.959,0.765,0.811,0.467,0.781,0.668,0.262,0.475
0.961,0.772,0.799,0.478,0.785,0.655,0.259,0.418
0.965,0.777,0.786,0.489,0.788,0.642,0.257,0.373
0.966,0.786,0.769,0.502,0.794,0.626,0.253,0.317
0.968,0.805,0.743,0.527,0.807,0.599,0.244,0.332
0.97,0.821,0.722,0.545,0.818,0.579,0.24,0.301
0.971,0.837,0.697,0.567,0.829,0.556,0.237,0.272
0.972,0.856,0.671,0.59,0.843,0.53,0.23,0.269
0.972,0.877,0.65,0.611,0.859,0.508,0.221,0.288
0.972,0.9,0.63,0.631,0.877,0.487,0.213,0.31
0.972,0.918,0.608,0.651,0.89,0.466,0.209,0.338
0.973,0.934,0.581,0.674,0.902,0.441,0.207,0.322
0.974,0.95,0.555,0.696,0.913,0.414,0.2,0.344
0.975,0.961,0.527,0.716,0.919,0.388,0.196,0.321
0.973,0.961,0.523,0.713,0.921,0.392,0.193,0.385
0.968,0.959,0.514,0.697,0.924,0.412,0.184,0.426
0.969,0.945,0.483,0.7,0.909,0.407,0.204,0.453
0.972,0.934,0.464,0.706,0.897,0.398,0.22,0.407
0.973,0.914,0.437,0.714,0.876,0.387,0.249,0.419
0.973,0.901,0.418,0.72,0.861,0.378,0.268,0.383
0.976,0.886,0.392,0.729,0.844,0.364,0.293,0.36
0.979,0.874,0.369,0.739,0.829,0.35,0.313,0.33
0.981,0.866,0.351,0.746,0.82,0.34,0.327,0.258
0.984,0.854,0.324,0.757,0.805,0.323,0.349,0.227
0.986,0.85,0.313,0.762,0.799,0.317,0.357,0.176
0.987,0.838,0.291,0.77,0.785,0.305,0.376,0.143
0.987,0.819,0.264,0.777,0.765,0.291,0.403,0.133
0.986,0.809,0.248,0.782,0.753,0.283,0.418,0.176
0.986,0.795,0.225,0.79,0.737,0.27,0.439,0.143
0.985,0.783,0.204,0.796,0.724,0.259,0.457,0.196
0.986,0.765,0.177,0.804,0.703,0.244,0.483,0.187
0.987,0.756,0.163,0.808,0.692,0.237,0.495,0.236
0.988,0.748,0.151,0.812,0.683,0.23,0.506,0.176
0.99,0.73,0.126,0.818,0.663,0.215,0.529,0.15
0.989,0.716,0.11,0.821,0.647,0.207,0.546,0.202
0.987,0.705,0.092,0.826,0.635,0.198,0.561,0.244
0.983,0.705,0.093,0.825,0.636,0.2,0.561,0.308
0.981,0.705,0.093,0.824,0.636,0.201,0.561,0.37
0.975,0.705,0.093,0.824,0.637,0.202,0.562,0.449
0.965,0.705,0.093,0.822,0.638,0.205,0.563,0.576
0.954,0.704,0.092,0.82,0.638,0.209,0.565,0.708
0.949,0.703,0.091,0.82,0.638,0.211,0.567,0.779
0.942,0.702,0.091,0.819,0.638,0.213,0.569,0.877
0.93,0.698,0.088,0.817,0.636,0.216,0.574,0.949
0.898,0.683,0.067,0.816,0.623,0.216,0.597,0.962
0.87,0.668,0.04,0.819,0.609,0.211,0.62,0.958
0.846,0.652,0.011,0.823,0.593,0.203,0.643,0.963
0.814,0.629,0.002,0.811,0.573,0.213,0.659,0.964
0.8,0.613,0.027,0.786,0.563,0.24,0.654,0.96
0.791,0.597,0.06,0.759,0.553,0.269,0.646,0.959
0.792,0.577,0.089,0.736,0.536,0.289,0.644,0.962
0.814,0.578,0.131,0.727,0.538,0.298,0.632,0.962
0.851,0.58,0.165,0.733,0.535,0.287,0.63,0.956
0.891,0.583,0.156,0.748,0.531,0.264,0.631,0.962
0.924,0.584,0.136,0.766,0.526,0.238,0.639,0.96
0.952,0.585,0.119,0.78,0.521,0.216,0.645,0.783
0.957,0.585,0.121,0.78,0.52,0.216,0.644,0.622
0.962,0.585,0.123,0.78,0.52,0.216,0.643,0.541
0.966,0.586,0.124,0.781,0.52,0.214,0.643,0.66
0.981,0.586,0.126,0.783,0.519,0.21,0.642,0.499
0.981,0.586,0.126,0.783,0.519,0.21,0.643,0.577
0.981,0.586,0.126,0.783,0.519,0.21,0.643,0.722
0.981,0.586,0.126,0.783,0.519,0.21,0.643,0.412
0.98,0.586,0.127,0.783,0.519,0.21,0.643,0.503
0.98,0.586,0.127,0.784,0.519,0.209,0.643,0.433
0.98,0.586,0.127,0.784,0.518,0.208,0.644,0.666
0.98,0.586,0.127,0.784,0.518,0.208,0.644,0.731
0.98,0.586,0.127,0.784,0.518,0.208,0.644,0.388
0.98,0.586,0.127,0.784,0.518,0.208,0.644,0.586
0.98,0.586,0.128,0.786,0.518,0.206,0.645,0.668
0.98,0.586,0.129,0.787,0.518,0.205,0.646,0.617
0.98,0.586,0.132,0.793,0.516,0.197,0.651,0.563
0.982,0.586,0.143,0.819,0.509,0.162,0.672,0.569
0.982,0.586,0.143,0.82,0.508,0.16,0.673,0.517
0.984,0.587,0.15,0.836,0.504,0.139,0.686,0.559
0.984,0.587,0.156,0.845,0.501,0.126,0.694,0.423
0.987,0.587,0.169,0.87,0.494,0.091,0.715,0.417
0.987,0.587,0.169,0.871,0.494,0.09,0.715,0.345
0.987,0.587,0.17,0.874,0.493,0.087,0.718,0.399
0.984,0.587,0.177,0.87,0.494,0.092,0.715,0.466
0.98,0.587,0.198,0.859,0.497,0.108,0.706,0.531
0.976,0.587,0.228,0.842,0.502,0.131,0.693,0.555
0.973,0.588,0.248,0.832,0.51,0.149,0.691,0.612
0.969,0.589,0.288,0.811,0.517,0.181,0.676,0.633
0.968,0.589,0.296,0.806,0.519,0.187,0.672,0.707
0.966,0.589,0.314,0.796,0.522,0.2,0.664,0.76
0.963,0.589,0.346,0.778,0.527,0.225,0.649,0.778
0.961,0.589,0.369,0.765,0.53,0.242,0.639,0.859
0.959,0.589,0.399,0.748,0.534,0.265,0.626,0.885
0.957,0.589,0.418,0.737,0.537,0.279,0.617,0.932
0.955,0.589,0.457,0.715,0.544,0.308,0.599,0.939
0.955,0.589,0.467,0.71,0.545,0.315,0.595,0.876
0.954,0.589,0.487,0.698,0.548,0.329,0.586,0.777
0.954,0.589,0.507,0.687,0.551,0.344,0.577,0.736
0.953,0.59,0.537,0.67,0.556,0.366,0.562,0.712
0.954,0.59,0.576,0.649,0.562,0.393,0.545,0.69
0.955,0.59,0.604,0.632,0.566,0.413,0.531,0.66
0.956,0.59,0.64,0.613,0.572,0.438,0.515,0.661
0.959,0.591,0.672,0.594,0.576,0.46,0.5,0.748
0.96,0.591,0.701,0.578,0.581,0.48,0.486,0.777
0.963,0.591,0.737,0.558,0.586,0.505,0.469,0.781
0.964,0.592,0.755,0.548,0.589,0.517,0.461,0.724
0.965,0.592,0.785,0.53,0.594,0.538,0.447,0.692
0.965,0.591,0.808,0.517,0.597,0.555,0.436,0.651
0.963,0.591,0.832,0.502,0.601,0.572,0.425,0.701
0.958,0.591,0.867,0.481,0.607,0.598,0.41,0.698
0.956,0.591,0.877,0.475,0.608,0.606,0.405,0.746
0.954,0.591,0.884,0.47,0.61,0.611,0.402,0.64
0.953,0.591,0.891,0.466,0.611,0.617,0.399,0.59
0.949,0.588,0.925,0.444,0.614,0.642,0.386,0.571
0.952,0.586,0.93,0.438,0.613,0.648,0.384,0.52
0.955,0.581,0.909,0.425,0.611,0.663,0.379,0.48
0.956,0.573,0.884,0.399,0.612,0.692,0.368,0.495
0.955,0.564,0.849,0.375,0.61,0.719,0.361,0.474
0.953,0.558,0.831,0.353,0.611,0.744,0.351,0.531
0.953,0.553,0.806,0.331,0.612,0.768,0.341,0.501
0.956,0.547,0.768,0.328,0.607,0.771,0.344,0.465
0.959,0.545,0.749,0.328,0.604,0.769,0.347,0.384
0.962,0.539,0.715,0.322,0.601,0.775,0.348,0.349
0.964,0.529,0.671,0.308,0.595,0.79,0.349,0.33
0.965,0.523,0.648,0.31,0.589,0.786,0.356,0.284
0.965,0.516,0.613,0.319,0.579,0.773,0.371,0.31
0.963,0.507,0.575,0.332,0.566,0.755,0.39,0.305
0.961,0.501,0.543,0.347,0.556,0.736,0.407,0.334
0.961,0.492,0.507,0.364,0.542,0.713,0.428,0.346
0.963,0.481,0.469,0.382,0.526,0.689,0.452,0.351
0.965,0.473,0.438,0.396,0.513,0.668,0.471,0.334
0.968,0.462,0.4,0.414,0.497,0.643,0.493,0.318
0.969,0.455,0.371,0.426,0.485,0.625,0.51,0.29
0.97,0.445,0.339,0.439,0.471,0.606,0.529,0.271
0.97,0.434,0.305,0.452,0.456,0.585,0.549,0.274
0.969,0.423,0.271,0.466,0.44,0.563,0.57,0.286
0.968,0.414,0.241,0.479,0.427,0.543,0.587,0.309
0.969,0.409,0.221,0.488,0.419,0.529,0.599,0.35
0.972,0.401,0.188,0.503,0.406,0.506,0.618,0.324
0.976,0.395,0.16,0.517,0.395,0.486,0.633,0.297
0.978,0.389,0.134,0.529,0.385,0.468,0.647,0.264
0.98,0.383,0.114,0.538,0.376,0.454,0.659,0.214
0.981,0.37,0.09,0.544,0.36,0.439,0.677,0.173
0.979,0.361,0.078,0.546,0.349,0.432,0.687,0.229
0.978,0.36,0.077,0.546,0.349,0.432,0.688,0.281
0.977,0.359,0.085,0.55,0.347,0.426,0.691,0.341
0.975,0.353,0.106,0.551,0.34,0.422,0.697,0.386
0.975,0.352,0.116,0.555,0.337,0.416,0.702,0.478
0.975,0.352,0.12,0.558,0.336,0.412,0.704,0.561
0.976,0.351,0.129,0.564,0.334,0.403,0.709,0.698
0.976,0.351,0.136,0.572,0.331,0.394,0.715,0.62
0.977,0.351,0.141,0.576,0.33,0.388,0.718,0.55
0.972,0.35,0.159,0.568,0.331,0.397,0.714,0.602
0.969,0.349,0.183,0.554,0.335,0.416,0.704,0.65
0.966,0.348,0.208,0.54,0.338,0.435,0.695,0.704
0.963,0.348,0.237,0.523,0.343,0.457,0.683,0.732
0.959,0.348,0.265,0.506,0.348,0.479,0.672,0.761
0.958,0.348,0.28,0.498,0.351,0.49,0.666,0.807
0.957,0.348,0.294,0.49,0.353,0.501,0.66,0.873
0.955,0.348,0.319,0.475,0.357,0.52,0.65,0.908
0.953,0.348,0.346,0.46,0.362,0.54,0.639,0.947
0.951,0.348,0.378,0.442,0.368,0.563,0.627,0.923
0.952,0.348,0.407,0.425,0.373,0.584,0.616,0.952
0.954,0.348,0.444,0.405,0.379,0.61,0.602,0.948
0.955,0.348,0.449,0.403,0.38,0.613,0.6,0.896
0.958,0.348,0.468,0.393,0.382,0.625,0.594,0.842
0.961,0.349,0.484,0.387,0.384,0.633,0.59,0.715
0.967,0.35,0.496,0.384,0.386,0.637,0.586,0.617
0.969,0.35,0.506,0.38,0.388,0.642,0.583,0.567
0.965,0.353,0.54,0.362,0.397,0.665,0.566,0.556
0.962,0.355,0.558,0.352,0.402,0.678,0.557,0.598
0.961,0.356,0.569,0.346,0.405,0.686,0.551,0.651
0.959,0.359,0.599,0.334,0.412,0.702,0.538,0.683
0.962,0.362,0.635,0.336,0.414,0.7,0.534,0.637
0.963,0.363,0.64,0.34,0.414,0.695,0.535,0.577
0.968,0.364,0.662,0.352,0.411,0.68,0.541,0.515
0.964,0.369,0.705,0.339,0.42,0.696,0.522,0.511
0.963,0.37,0.716,0.333,0.423,0.703,0.517,0.577
0.962,0.37,0.725,0.329,0.425,0.709,0.513,0.64
0.959,0.371,0.749,0.316,0.43,0.725,0.502,0.679
0.958,0.372,0.777,0.301,0.435,0.743,0.491,0.738
0.957,0.372,0.81,0.281,0.441,0.767,0.476,0.753
0.956,0.373,0.831,0.27,0.445,0.781,0.468,0.798
0.956,0.374,0.865,0.25,0.452,0.804,0.452,0.788
0.957,0.374,0.866,0.249,0.453,0.805,0.452,0.62
0.956,0.374,0.871,0.246,0.454,0.809,0.449,0.568
0.956,0.375,0.882,0.24,0.456,0.816,0.445,0.513
0.949,0.374,0.896,0.222,0.461,0.838,0.433,0.596
0.942,0.374,0.891,0.214,0.463,0.848,0.428,0.654
0.938,0.374,0.888,0.211,0.464,0.851,0.426,0.711
0.933,0.374,0.885,0.207,0.465,0.856,0.424,0.786
0.928,0.374,0.882,0.204,0.466,0.859,0.422,0.839
0.918,0.373,0.869,0.207,0.465,0.855,0.424,0.946
0.894,0.368,0.832,0.223,0.456,0.836,0.438,0.948
0.863,0.362,0.801,0.232,0.446,0.822,0.45,0.948
0.815,0.347,0.799,0.217,0.437,0.835,0.453,0.952
0.786,0.331,0.823,0.188,0.429,0.864,0.452,0.954
0.768,0.318,0.849,0.163,0.423,0.89,0.45,0.95
0.752,0.304,0.875,0.136,0.416,0.917,0.45,0.952
0.738,0.29,0.902,0.11,0.408,0.943,0.449,0.952
0.728,0.275,0.93,0.084,0.4,0.968,0.449,0.949
0.723,0.255,0.958,0.059,0.386,0.989,0.453,0.946
0.751,0.235,0.959,0.064,0.364,0.975,0.477,0.948
0.78,0.234,0.964,0.09,0.355,0.946,0.496,0.949
0.825,0.234,0.969,0.103,0.352,0.932,0.508,0.948
0.868,0.239,0.956,0.121,0.352,0.912,0.513,0.953
0.902,0.241,0.934,0.142,0.348,0.889,0.526,0.951
0.93,0.244,0.914,0.16,0.346,0.869,0.534,0.786
0.934,0.244,0.914,0.16,0.346,0.868,0.534,0.689
0.939,0.244,0.913,0.161,0.345,0.867,0.535,0.772
0.954,0.244,0.913,0.163,0.344,0.865,0.539,0.39
0.955,0.244,0.913,0.164,0.344,0.865,0.54,0.462
0.956,0.243,0.911,0.163,0.344,0.865,0.54,0.564
0.956,0.243,0.911,0.162,0.344,0.866,0.54,0.469
0.956,0.243,0.911,0.161,0.344,0.868,0.539,0.4
0.954,0.243,0.904,0.149,0.348,0.883,0.531,0.476
0.953,0.243,0.899,0.136,0.352,0.898,0.523,0.425
0.951,0.243,0.891,0.114,0.359,0.924,0.51,0.393
0.95,0.244,0.887,0.106,0.361,0.934,0.505,0.521
0.948,0.244,0.873,0.079,0.37,0.966,0.488,0.49
0.949,0.244,0.858,0.078,0.37,0.967,0.487,0.573
0.953,0.244,0.836,0.089,0.367,0.955,0.494,0.505
0.957,0.244,0.812,0.103,0.363,0.938,0.502,0.437
0.962,0.244,0.778,0.124,0.356,0.912,0.515,0.442
0.964,0.244,0.762,0.132,0.354,0.903,0.52,0.367
0.965,0.244,0.743,0.136,0.352,0.897,0.522,0.299
0.963,0.244,0.703,0.148,0.348,0.883,0.529,0.278
0.962,0.243,0.69,0.156,0.345,0.873,0.534,0.324
0.962,0.243,0.686,0.158,0.344,0.87,0.536,0.374
0.962,0.242,0.655,0.175,0.337,0.848,0.547,0.349
0.962,0.24,0.631,0.188,0.331,0.832,0.557,0.39
0.963,0.239,0.608,0.201,0.326,0.815,0.566,0.348
0.965,0.237,0.578,0.218,0.318,0.793,0.578,0.377
0.967,0.235,0.546,0.236,0.311,0.77,0.591,0.356
0.968,0.233,0.518,0.251,0.303,0.75,0.602,0.326
0.969,0.229,0.488,0.267,0.294,0.729,0.616,0.294
0.97,0.223,0.455,0.283,0.283,0.706,0.632,0.309
0.971,0.218,0.425,0.298,0.272,0.684,0.646,0.285
0.973,0.212,0.392,0.313,0.261,0.661,0.662,0.268
0.974,0.204,0.363,0.327,0.249,0.64,0.678,0.293
0.974,0.201,0.349,0.332,0.243,0.631,0.685,0.247
0.976,0.188,0.317,0.344,0.226,0.609,0.704,0.242
0.978,0.178,0.284,0.357,0.21,0.587,0.723,0.222
0.979,0.169,0.254,0.37,0.196,0.566,0.74,0.244
0.977,0.153,0.23,0.373,0.177,0.552,0.758,0.273
0.976,0.126,0.226,0.361,0.152,0.555,0.777,0.301
0.974,0.1,0.224,0.347,0.128,0.559,0.794,0.334
0.973,0.079,0.23,0.333,0.11,0.567,0.806,0.37
0.97,0.057,0.24,0.315,0.092,0.578,0.817,0.403
0.968,0.045,0.248,0.306,0.082,0.584,0.823,0.449
0.967,0.031,0.261,0.296,0.07,0.589,0.831,0.495
0.966,0.019,0.302,0.297,0.057,0.581,0.844,0.594
0.966,0.018,0.307,0.295,0.057,0.583,0.843,0.657
0.965,0.017,0.313,0.292,0.057,0.587,0.842,0.867
0.96,0.011,0.35,0.273,0.057,0.61,0.836,0.917
0.955,0.008,0.385,0.254,0.061,0.633,0.827,0.951
0.954,0.008,0.415,0.238,0.066,0.655,0.818,0.979
0.955,0.008,0.433,0.229,0.07,0.667,0.813,0.929
0.958,0.008,0.457,0.219,0.075,0.682,0.808,0.863
0.96,0.008,0.487,0.214,0.076,0.689,0.806,0.817
0.96,0.008,0.504,0.219,0.075,0.683,0.809,0.763
0.961,0.007,0.538,0.239,0.069,0.656,0.821,0.759
0.957,0.008,0.58,0.229,0.074,0.67,0.812,0.778
0.954,0.009,0.597,0.22,0.078,0.683,0.804,0.821
0.953,0.011,0.619,0.208,0.084,0.699,0.793,0.867
0.952,0.013,0.638,0.198,0.09,0.712,0.783,0.911
0.951,0.015,0.667,0.183,0.097,0.733,0.77,0.939
0.95,0.016,0.687,0.172,0.102,0.748,0.762,0.98
0.949,0.016,0.722,0.152,0.11,0.773,0.751,0.973
0.949,0.016,0.752,0.136,0.115,0.795,0.743,1
0.95,0.016,0.785,0.117,0.122,0.82,0.733,0.983
0.951,0.018,0.814,0.102,0.129,0.84,0.723,0.941
0.953,0.019,0.837,0.09,0.135,0.857,0.715,0.903
0.954,0.021,0.853,0.082,0.14,0.868,0.706,0.859
0.954,0.024,0.869,0.074,0.146,0.878,0.697,0.814
0.952,0.027,0.894,0.061,0.153,0.895,0.683,0.852
0.95,0.029,0.907,0.054,0.158,0.904,0.675,0.914
0.948,0.032,0.923,0.046,0.164,0.914,0.664,0.958
0.947,0.033,0.929,0.043,0.166,0.918,0.659,0.808
0.947,0.033,0.928,0.044,0.166,0.917,0.659,0.662
0.941,0.034,0.917,0.028,0.171,0.936,0.649,0.72
0.938,0.034,0.912,0.022,0.173,0.943,0.644,0.791
0.932,0.035,0.9,0.017,0.175,0.948,0.638,0.839
0.927,0.036,0.88,0.022,0.175,0.942,0.635,0.91
0.917,0.041,0.845,0.037,0.175,0.922,0.633,0.948
0.908,0.047,0.807,0.058,0.173,0.897,0.632,0.953
0.895,0.055,0.76,0.084,0.172,0.864,0.629,0.962
0.884,0.062,0.724,0.105,0.171,0.838,0.627,0.968
0.873,0.07,0.689,0.126,0.172,0.812,0.624,0.954
0.858,0.081,0.646,0.153,0.174,0.78,0.618,0.963
0.844,0.09,0.613,0.173,0.176,0.755,0.612,0.952
0.829,0.1,0.58,0.194,0.18,0.731,0.606,0.961
0.813,0.112,0.546,0.214,0.185,0.706,0.597,0.965
0.791,0.126,0.504,0.24,0.191,0.676,0.587,0.959
0.772,0.137,0.472,0.259,0.197,0.653,0.579,0.964
0.743,0.152,0.428,0.284,0.204,0.624,0.569,0.964
0.717,0.163,0.396,0.301,0.21,0.605,0.559,0.962
0.689,0.175,0.365,0.316,0.219,0.588,0.547,0.961
0.655,0.191,0.332,0.333,0.231,0.57,0.532,0.959
0.618,0.207,0.305,0.345,0.246,0.56,0.514,0.965
0.581,0.222,0.285,0.352,0.261,0.556,0.496,0.968
0.543,0.237,0.274,0.353,0.278,0.56,0.475,0.962
0.506,0.249,0.273,0.348,0.295,0.572,0.453,0.958
0.471,0.258,0.282,0.335,0.311,0.592,0.431,0.965
0.434,0.267,0.3,0.316,0.327,0.62,0.407,0.958
0.407,0.272,0.319,0.298,0.34,0.645,0.388,0.96
0.381,0.278,0.343,0.277,0.353,0.674,0.368,0.957
0.359,0.282,0.367,0.258,0.365,0.7,0.35,0.956
0.339,0.286,0.392,0.238,0.377,0.727,0.333,0.957
0.315,0.292,0.424,0.214,0.392,0.76,0.312,0.956
0.295,0.297,0.45,0.194,0.405,0.787,0.295,0.957
0.269,0.305,0.484,0.169,0.422,0.822,0.273,0.957
0.249,0.311,0.508,0.15,0.436,0.848,0.256,0.952
0.228,0.318,0.534,0.13,0.451,0.876,0.238,0.953
0.206,0.325,0.561,0.109,0.467,0.905,0.22,0.955
0.186,0.33,0.586,0.089,0.479,0.931,0.204,0.949
0.163,0.331,0.612,0.064,0.489,0.96,0.187,0.949
0.143,0.329,0.635,0.04,0.494,0.986,0.172,0.949
